brand,model,type,exteriorColor,warehouse,sourceId,sourceName,currentStock,minStock,maxStock,soldLast90Days,soldLast30Days,averageMonthlySales,leadTimeDays,leadTimeDemand,suggestedOrderQuantity,reorderPoint,targetCoverageMonths,urgency,reason
"MB","MG T60 Pick-up Diesel - 2022 CCC","MB_MG_Diesel_CCC","White","Freezone Warehouse","baraka","البركة","0","1","10","1","0","0.33","30","0.33","10","2","3","critical","Current stock is below minimum stock."
"MB","MG T60 Pick-up Diesel - 2022 CCC","MB_MG_Diesel_CCC","Silver","","baraka","البركة","0","1","10","0","0","0","30","0","10","2","3","critical","Current stock is below minimum stock."
"JAC","JAC T8 Pick-up Double Cabin Diesel 2023 CCC","JAC_T8_Diesel_CCC","Red","","baraka","البركة","0","1","10","1","1","0.33","30","0.33","10","2","3","critical","Current stock is below minimum stock."
"ROX","ROX 01 VIP 6-Seats REV - 2025 GCC","ROX_01_REV_GCC","","","baraka","البركة","0","1","10","0","0","0","30","0","10","2","3","critical","Current stock is below minimum stock."
"ROX","ROX 01 7-Seats REV - 2025 GCC","ROX_01_REV_GCC","Black","","baraka","البركة","0","1","10","2","1","0.67","30","0.67","10","2","3","critical","Current stock is below minimum stock."
"ROX","ROX 01 VIP 6-Seats REV - 2025 GCC","ROX_01_REV_GCC","White","","baraka","البركة","0","1","10","6","0","2","30","2","10","2","3","critical","Current stock is below minimum stock."
"ROX","ROX 01 VIP 6-Seats REV - 2025 GCC","ROX_01_REV_GCC","Grey","","baraka","البركة","0","1","10","3","1","1","30","1","10","2","3","critical","Current stock is below minimum stock."
"ROX","ROX 01 VIP 6-Seats REV - 2025 GCC","ROX_01_REV_GCC","Black","","baraka","البركة","0","1","10","1","1","0.33","30","0.33","10","2","3","critical","Current stock is below minimum stock."
"ROX","ROX 01 7-Seats REV - 2025 GCC","ROX_01_REV_GCC","","","baraka","البركة","0","1","10","0","0","0","30","0","10","2","3","critical","Current stock is below minimum stock."
"ROX","ROX 01 VIP 6-Seats REV - 2026 GCC","ROX_01_REV_GCC","Black","","baraka","البركة","0","1","10","12","12","4","30","4","10","2","3","critical","Current stock is below minimum stock."
"FOR","T5EV Friday Exclusive-410Km","T5EV Friday","White","","dania","دانية الضلال","0","1","10","0","0","0","30","0","10","2","3","critical","Current stock is below minimum stock."
"FOR","T5EV Friday Exclusive-410Km","T5EV Friday","Green","","dania","دانية الضلال","0","1","10","0","0","0","30","0","10","2","3","critical","Current stock is below minimum stock."
"FOR","T5 HEV Hybrid Exclusive Version","T5 HEV","Black","","dania","دانية الضلال","0","1","10","0","0","0","30","0","10","2","3","critical","Current stock is below minimum stock."
"FOR","T5 HEV Hybrid Exclusive Version","T5 HEV","White","","dania","دانية الضلال","0","1","10","0","0","0","30","0","10","2","3","critical","Current stock is below minimum stock."
"FOR","S60EV Series - Standard type","S60EV Series","Blue","","dania","دانية الضلال","0","1","10","0","0","0","30","0","10","2","3","critical","Current stock is below minimum stock."
"FOR","S60EV Series - Standard type","S60EV Series","White","","dania","دانية الضلال","0","1","10","0","0","0","30","0","10","2","3","critical","Current stock is below minimum stock."
"FOR","T5EV Friday Exclusive-410Km","T5EV Friday","Blue","","dania","دانية الضلال","0","1","10","0","0","0","30","0","10","2","3","critical","Current stock is below minimum stock."
"FOR","T5EV Friday Exclusive-630Km","T5EV Friday","Blue","","dania","دانية الضلال","0","1","10","0","0","0","30","0","10","2","3","critical","Current stock is below minimum stock."
"FOR","T5EV Friday Exclusive-630Km","T5EV Friday","White","","dania","دانية الضلال","0","1","10","0","0","0","30","0","10","2","3","critical","Current stock is below minimum stock."
"FOR","T5EV Friday Exclusive-410Km","T5EV Friday","Black","","dania","دانية الضلال","0","1","10","0","0","0","30","0","10","2","3","critical","Current stock is below minimum stock."
"FOR","T5EV Friday Exclusive-410Km","T5EV Friday","Gray","","dania","دانية الضلال","0","1","10","0","0","0","30","0","10","2","3","critical","Current stock is below minimum stock."
"FOR","T5EV Friday Exclusive-630Km","T5EV Friday","Green","","dania","دانية الضلال","0","1","10","0","0","0","30","0","10","2","3","critical","Current stock is below minimum stock."
"FOR","T5EV Friday Exclusive-630Km","T5EV Friday","Black","","dania","دانية الضلال","0","1","10","0","0","0","30","0","10","2","3","critical","Current stock is below minimum stock."
"FOR","Xinghai S7","Xinghai S7","Black","","dania","دانية الضلال","0","1","10","0","0","0","30","0","10","2","3","critical","Current stock is below minimum stock."
"FOR","Xinghai S7","Xinghai S7","Blue","","dania","دانية الضلال","0","1","10","0","0","0","30","0","10","2","3","critical","Current stock is below minimum stock."
"FOR","Xinghai S7","Xinghai S7","Red","","dania","دانية الضلال","0","1","10","0","0","0","30","0","10","2","3","critical","Current stock is below minimum stock."
"FOR","Xinghai S7","Xinghai S7","White","","dania","دانية الضلال","0","1","10","0","0","0","30","0","10","2","3","critical","Current stock is below minimum stock."
"FOR","Xinghai S7","Xinghai S7","Green","","dania","دانية الضلال","0","1","10","0","0","0","30","0","10","2","3","critical","Current stock is below minimum stock."
"FOR","T5EV Friday Exclusive-410Km","T5EV Friday","Dark Gray","","dania","دانية الضلال","0","1","10","0","0","0","30","0","10","2","3","critical","Current stock is below minimum stock."
"FOR","M5 EV passenger version - Luxury Type","M5 EV","Black","","dania","دانية الضلال","0","1","10","0","0","0","30","0","10","2","3","critical","Current stock is below minimum stock."
"FOR","M5 EV passenger version - Luxury Type","M5 EV","Yellow","","dania","دانية الضلال","0","1","10","0","0","0","30","0","10","2","3","critical","Current stock is below minimum stock."
"FOR","M5 EV Cargo version","M5 EV","White","","dania","دانية الضلال","0","1","10","0","0","0","30","0","10","2","3","critical","Current stock is below minimum stock."
"FOR","T5EVO GASOLINE EXCLUSIVE VERSION","T5 EVO","White","","dania","دانية الضلال","0","1","10","0","0","0","30","0","10","2","3","critical","Current stock is below minimum stock."
"FOR","T5EVO GASOLINE EXCLUSIVE VERSION","T5 EVO","Gray","","dania","دانية الضلال","0","1","10","0","0","0","30","0","10","2","3","critical","Current stock is below minimum stock."
"FOR","T5EVO GASOLINE EXCLUSIVE VERSION","T5 EVO","Green","","dania","دانية الضلال","0","1","10","0","0","0","30","0","10","2","3","critical","Current stock is below minimum stock."
"FOR","M6 HEV MPV","M6 PHEV","Black","","dania","دانية الضلال","0","1","10","0","0","0","30","0","10","2","3","critical","Current stock is below minimum stock."
"JAC","E30X","JAC_E30X","Black","","dania","دانية الضلال","0","1","10","0","0","0","30","0","10","2","3","critical","Current stock is below minimum stock."
"JAC","E30X","JAC_E30X","BEIGE","","dania","دانية الضلال","0","1","10","0","0","0","30","0","10","2","3","critical","Current stock is below minimum stock."
"JAC","E30X","JAC_E30X","Gray","","dania","دانية الضلال","0","1","10","0","0","0","30","0","10","2","3","critical","Current stock is below minimum stock."
"JAC","E30X","JAC_E30X","White","","dania","دانية الضلال","0","1","10","0","0","0","30","0","10","2","3","critical","Current stock is below minimum stock."
"JAC","E30X","JAC_E30X","Blue","","dania","دانية الضلال","0","1","10","0","0","0","30","0","10","2","3","critical","Current stock is below minimum stock."
"JAC","JS4 1.5T CVT Flagship Version","Items","White","","dania","دانية الضلال","0","1","10","0","0","0","30","0","10","2","3","critical","Current stock is below minimum stock."
"JAC","JS4 1.5T CVT Flagship Version","Items","Gray","","dania","دانية الضلال","0","1","10","0","0","0","30","0","10","2","3","critical","Current stock is below minimum stock."
"JAC","JS4 1.5T CVT Flagship Version","Items","Black","","dania","دانية الضلال","0","1","10","0","0","0","30","0","10","2","3","critical","Current stock is below minimum stock."
"JAC","J7 1.5T CVT Flagship Version","Items","White","","dania","دانية الضلال","0","1","10","0","0","0","30","0","10","2","3","critical","Current stock is below minimum stock."
"JAC","J7 1.5T CVT Flagship Version","Items","Black","","dania","دانية الضلال","0","1","10","0","0","0","30","0","10","2","3","critical","Current stock is below minimum stock."
"JAC","J7 1.5T CVT Flagship Version","Items","Gray","","dania","دانية الضلال","0","1","10","0","0","0","30","0","10","2","3","critical","Current stock is below minimum stock."
"FOR","Forthing S7 EV 550 KM Standard - 2025 EU","FOR_S7_EV_EU","Black","","dania","دانية الضلال","0","1","10","1","1","0.33","30","0.33","10","2","3","critical","Current stock is below minimum stock."
"FOR","Forthing S7 EV 550 KM Standard - 2023 CCC","FOR_S7_EV_CCC","Black","","dania","دانية الضلال","0","1","10","2","0","0.67","30","0.67","10","2","3","critical","Current stock is below minimum stock."
"FOR","Forthing S7 EV 550 KM Standard - 2023 CCC","FOR_S7_EV_CCC","Blue","","dania","دانية الضلال","0","1","10","1","0","0.33","30","0.33","10","2","3","critical","Current stock is below minimum stock."
"FOR","Forthing S7 EV 550 KM Standard - 2023 CCC","FOR_S7_EV_CCC","White","","dania","دانية الضلال","0","1","10","1","0","0.33","30","0.33","10","2","3","critical","Current stock is below minimum stock."
"FOR","Forthing S7 EV 550 KM Standard - 2023 CCC","FOR_S7_EV_CCC","Red","","dania","دانية الضلال","0","1","10","0","0","0","30","0","10","2","3","critical","Current stock is below minimum stock."
"JAC","JAC E30X EV 405 KM Luxury PRO - 2026 EU","JAC_E30X_EV_EU","Gray","","dania","دانية الضلال","0","1","10","8","0","2.67","30","2.67","10","2","3","critical","Current stock is below minimum stock."
"JAC","JAC J7 Gasoline Luxury - 2026 GCC","JAC_J7_ICE_GCC","Gray","","dania","دانية الضلال","0","1","10","1","0","0.33","30","0.33","10","2","3","critical","Current stock is below minimum stock."
"FOR","Forthing S7 REV Luxury - 2026 GCC","FOR_S7_REV_GCC","Green","","dania","دانية الضلال","0","1","10","5","3","1.67","30","1.67","10","2","3","critical","Current stock is below minimum stock."
"FOR","Forthing S7 REV Exclusive - 2026 GCC","FOR_S7_REV_GCC","Black","","dania","دانية الضلال","0","1","10","4","2","1.33","30","1.33","10","2","3","critical","Current stock is below minimum stock."
"FOR","Forthing S7 REV Exclusive - 2026 GCC","FOR_S7_REV_GCC","Green","","dania","دانية الضلال","0","1","10","1","1","0.33","30","0.33","10","2","3","critical","Current stock is below minimum stock."
"FOR","Forthing S7 REV Exclusive - 2026 GCC","FOR_S7_REV_GCC","Red","","dania","دانية الضلال","0","1","10","2","1","0.67","30","0.67","10","2","3","critical","Current stock is below minimum stock."
"FOR","Forthing S7 EV 550 KM Exclusive - 2026 GCC","FOR_S7_EV_GCC","Green","Freezone Warehouse","dania","دانية الضلال","0","1","10","0","0","0","30","0","10","2","3","critical","Current stock is below minimum stock."
"FOR","Forthing S7 EV 550 KM Exclusive - 2026 GCC","FOR_S7_EV_GCC","Black","Freezone Warehouse","dania","دانية الضلال","0","1","10","2","2","0.67","30","0.67","10","2","3","critical","Current stock is below minimum stock."
"FOR","Forthing T5 Hybrid Exclusive - 2026 GCC","FOR_T5_HEV_GCC","CHAMPAGNE","","dania","دانية الضلال","0","1","10","1","1","0.33","30","0.33","10","2","3","critical","Current stock is below minimum stock."
"FOR","Forthing T5 REV Luxury - 2026 GCC","FOR_T5_REV_GCC","Dark Green","","dania","دانية الضلال","0","1","10","3","3","1","30","1","10","2","3","critical","Current stock is below minimum stock."
"ROX","Rox 01 6seat VIP","ROX_01","Black","","laith","الليث اللامع","0","1","10","38","9","12.67","30","12.67","10","2","3","critical","Current stock is below minimum stock."
"ROX","Rox 01 6seat VIP","ROX_01","Silver","","laith","الليث اللامع","0","1","10","0","0","0","30","0","10","2","3","critical","Current stock is below minimum stock."
"ROX","Rox 01 7seat","ROX_01","Silver","Warehouse - Al - Breeme","laith","الليث اللامع","0","1","10","0","0","0","30","0","10","2","3","critical","Current stock is below minimum stock."
"ROX","Rox 01 6seat VIP","ROX_01","Green","","laith","الليث اللامع","0","1","10","11","3","3.67","30","3.67","10","2","3","critical","Current stock is below minimum stock."
"ROX","Rox 01 7seat","ROX_01","Green","","laith","الليث اللامع","0","1","10","0","0","0","30","0","10","2","3","critical","Current stock is below minimum stock."
"JAC","J7 1.5T CVT One-tone Intelligent","JAC_J7","White","","laith","الليث اللامع","0","1","10","0","0","0","30","0","10","2","3","critical","Current stock is below minimum stock."
"JAC","J7 1.5T CVT One-tone Intelligent","JAC_J7","Gray","","laith","الليث اللامع","0","1","10","0","0","0","30","0","10","2","3","critical","Current stock is below minimum stock."
"JAC","J7 1.5T CVT One-tone Intelligent","JAC_J7","Black","","laith","الليث اللامع","0","1","10","1","0","0.33","30","0.33","10","2","3","critical","Current stock is below minimum stock."
"JAC","J7 1.5T CVT One-tone Intelligent","JAC_J7","Blue","","laith","الليث اللامع","0","1","10","0","0","0","30","0","10","2","3","critical","Current stock is below minimum stock."
"JAC","J7 1.5T CVT Dual Tone  Intelligent","JAC_J7","White","","laith","الليث اللامع","0","1","10","0","0","0","30","0","10","2","3","critical","Current stock is below minimum stock."
"JAC","J7 1.5T CVT Dual Tone  Intelligent","JAC_J7","Blue","","laith","الليث اللامع","0","1","10","0","0","0","30","0","10","2","3","critical","Current stock is below minimum stock."
"JAC","JS4 1.5T CVT One-tone  Intelligent","JAC_JS4","White","","laith","الليث اللامع","0","1","10","2","0","0.67","30","0.67","10","2","3","critical","Current stock is below minimum stock."
"JAC","JS4 1.5T CVT One-tone  Intelligent","JAC_JS4","Red","Warehouse - AL-Bassami - AL-Janadrih","laith","الليث اللامع","0","1","10","1","1","0.33","30","0.33","10","2","3","critical","Current stock is below minimum stock."
"JAC","JS4 1.5T CVT Dual Tone  Intelligent","JAC_JS4","White","Warehouse - AL-Bassami - AL-Janadrih","laith","الليث اللامع","0","1","10","0","0","0","30","0","10","2","3","critical","Current stock is below minimum stock."
"JAC","JS4 1.5T CVT Dual Tone  Intelligent","JAC_JS4","Gray","","laith","الليث اللامع","0","1","10","1","1","0.33","30","0.33","10","2","3","critical","Current stock is below minimum stock."
"JAC","JS6 1.5T DCT Luxury","JAC_JS6","White","","laith","الليث اللامع","0","1","10","0","0","0","30","0","10","2","3","critical","Current stock is below minimum stock."
"JAC","JS6 1.5T DCT Luxury","JAC_JS6","Gray","Warehouse - AL-Bassami - AL-Janadrih","laith","الليث اللامع","0","1","10","0","0","0","30","0","10","2","3","critical","Current stock is below minimum stock."
"JAC","JS6 1.5T DCT Flagship","JAC_JS6","Gray","","laith","الليث اللامع","0","1","10","1","1","0.33","30","0.33","10","2","3","critical","Current stock is below minimum stock."
"JAC","JS4 1.5T CVT One-tone  Intelligent","JAC_JS4","Blue","","laith","الليث اللامع","0","1","10","0","0","0","30","0","10","2","3","critical","Current stock is below minimum stock."
"JAC","JS6 1.5T DCT COMFORT","JAC_JS6","Green","AL-NASEEM SHOWROOM","laith","الليث اللامع","0","1","10","0","0","0","30","0","10","2","3","critical","Current stock is below minimum stock."
"JAC","JS6PHEV FLAGSHIP Version","JAC_JS6","White","","laith","الليث اللامع","0","1","10","0","0","0","30","0","10","2","3","critical","Current stock is below minimum stock."
"JAC","S2 1.5VVT","JAC_JS2","White","","laith","الليث اللامع","0","1","10","0","0","0","30","0","10","2","3","critical","Current stock is below minimum stock."
"JAC","JS8 PRO 1.5T","JAC_JS8","White","","laith","الليث اللامع","0","1","10","0","0","0","30","0","10","2","3","critical","Current stock is below minimum stock."
"JAC","RF8","JAC_RF8","White","","laith","الليث اللامع","0","1","10","0","0","0","30","0","10","2","3","critical","Current stock is below minimum stock."
"ROX","ROX ADAMAS 6seat VIP","ROX_ADAMAS","Green","","laith","الليث اللامع","0","1","10","0","0","0","30","0","10","2","3","critical","Current stock is below minimum stock."
"ROX","ROX ADAMAS 7seat","ROX_ADAMAS","Gray","","laith","الليث اللامع","0","1","10","12","7","4","30","4","10","2","3","critical","Current stock is below minimum stock."
"ROX","ROX ADAMAS 7seat","ROX_ADAMAS","White","","laith","الليث اللامع","0","1","10","5","1","1.67","30","1.67","10","2","3","critical","Current stock is below minimum stock."
"FOR","Forthing S7 REV Luxury","FOR_S7_REV_GCC","White","","laith","الليث اللامع","0","1","10","1","0","0.33","30","0.33","10","2","3","critical","Current stock is below minimum stock."
"FOR","Forthing S7 REV Exclusive","FOR_S7_REV_GCC","Green","","laith","الليث اللامع","0","1","10","2","2","0.67","30","0.67","10","2","3","critical","Current stock is below minimum stock."
"FOR","Forthing S7 REV Exclusive","FOR_S7_REV_GCC","White","","laith","الليث اللامع","0","1","10","3","0","1","30","1","10","2","3","critical","Current stock is below minimum stock."
"FOR","Forthing S7 REV Exclusive","FOR_S7_REV_GCC","Black","","laith","الليث اللامع","0","1","10","11","3","3.67","30","3.67","10","2","3","critical","Current stock is below minimum stock."
"FOR","Forthing S7 REV Exclusive","FOR_S7_REV_GCC","purple","","laith","الليث اللامع","0","1","10","2","1","0.67","30","0.67","10","2","3","critical","Current stock is below minimum stock."
"FOR","Forthing S7 REV Exclusive","FOR_S7_REV_GCC","Blue","","laith","الليث اللامع","0","1","10","7","3","2.33","30","2.33","10","2","3","critical","Current stock is below minimum stock."
"FOR","Forthing T5 REV Exclusive - 2026 GCC","FOR_T5_REV_GCC","Green","","laith","الليث اللامع","0","1","10","1","1","0.33","30","0.33","10","2","3","critical","Current stock is below minimum stock."
"FOR","Forthing T5 REV Exclusive - 2026 GCC","FOR_T5_REV_GCC","light brown","","laith","الليث اللامع","0","1","10","1","1","0.33","30","0.33","10","2","3","critical","Current stock is below minimum stock."
"FOR","Forthing T5 REV Exclusive - 2026 GCC","FOR_T5_REV_GCC","White","","laith","الليث اللامع","0","1","10","0","0","0","30","0","10","2","3","critical","Current stock is below minimum stock."
"FOR","Forthing T5 REV Exclusive - 2026 GCC","FOR_T5_REV_GCC","Black","","laith","الليث اللامع","0","1","10","4","2","1.33","30","1.33","10","2","3","critical","Current stock is below minimum stock."
"FOR","Forthing T5 REV Luxury","FOR_T5_REV_GCC","","","laith","الليث اللامع","0","1","10","0","0","0","30","0","10","2","3","critical","Current stock is below minimum stock."
"ROX","ROX ADAMAS 7seat_Used","ROX_ADAMAS","Green Plus","JEDDAH - AUTO MALL","laith","الليث اللامع","0","1","10","0","0","0","30","0","10","2","3","critical","Current stock is below minimum stock."
"UV","Used Vehicles - VW ID.6 EV Pro - 2022 CCC","Used_Multi Brands_All","Gold","","laithCars","الليث لتجارة السيارات","0","1","10","0","0","0","30","0","10","2","3","critical","Current stock is below minimum stock."
"UV","Used Vehicles - BYD Song L Excellence EV 662 KM - 2023 CCC","Used_Multi Brands_All","Grey","","laithCars","الليث لتجارة السيارات","0","1","10","0","0","0","30","0","10","2","3","critical","Current stock is below minimum stock."
"UV","Used Vehicles - DFM BOX E3 - 2025 EU","Used_Dongfeng_All","Silver","","laithCars","الليث لتجارة السيارات","0","1","10","1","0","0.33","30","0.33","10","2","3","critical","Current stock is below minimum stock."
"DFM","Dongfeng AX7 Gasoline - E1 2023 CCC","DFM_AX7_ICE_CCC","Black","","laithCars","الليث لتجارة السيارات","0","1","10","0","0","0","30","0","10","2","3","critical","Current stock is below minimum stock."
"DFM","Dongfeng AX7 Gasoline - E1 2023 CCC","DFM_AX7_ICE_CCC","Grey","","laithCars","الليث لتجارة السيارات","0","1","10","1","0","0.33","30","0.33","10","2","3","critical","Current stock is below minimum stock."
"FOR","Forthing M5 9 Seats EV 401 KM Luxury - 2025 CCC","FOR_M5_EV_CCC","Champagne","","laithCars","الليث لتجارة السيارات","0","1","10","1","0","0.33","30","0.33","10","2","3","critical","Current stock is below minimum stock."
"FOR","Forthing M5 9 Seats EV 401 KM Luxury - 2025 CCC","FOR_M5_EV_CCC","Black","","laithCars","الليث لتجارة السيارات","0","1","10","1","1","0.33","30","0.33","10","2","3","critical","Current stock is below minimum stock."
"FOR","Forthing T5 EVO Gasoline Exclusive - 2023 CCC","FOR_T5_ICE_CCC","Pearly White","","laithCars","الليث لتجارة السيارات","0","1","10","0","0","0","30","0","10","2","3","critical","Current stock is below minimum stock."
"FOR","Forthing T5 EVO Gasoline Exclusive - 2023 CCC","FOR_T5_ICE_CCC","White","","laithCars","الليث لتجارة السيارات","0","1","10","1","0","0.33","30","0.33","10","2","3","critical","Current stock is below minimum stock."
"DFM","Dongfeng Nano Box EX1 EV 330 KM - 2024 CCC","DFM_Nano Box_EV_CCC","Black","Vehicles - Cannibalize - Maintenance","laithCars","الليث لتجارة السيارات","0","1","10","0","0","0","30","0","10","2","3","critical","Current stock is below minimum stock."
"DFM","Dongfeng E70 EV 400 KM - 2023 CCC","DFM_E70_EV_CCC","White","","laithCars","الليث لتجارة السيارات","0","1","10","1","0","0.33","30","0.33","10","2","3","critical","Current stock is below minimum stock."
"DFM","Dongfeng Rich 6 Pick-up 4*4 Diesel 2023 CCC","DFM_RICH 6_Diesel_CCC","Blue","","laithCars","الليث لتجارة السيارات","0","1","10","0","0","0","30","0","10","2","3","critical","Current stock is below minimum stock."
"DFM","Dongfeng Huge Hybrid - E2 2026 CCC","DFM_Huge_HEV_CCC","GREY+BLACK TOP","","laithCars","الليث لتجارة السيارات","0","1","10","1","0","0.33","30","0.33","10","2","3","critical","Current stock is below minimum stock."
"FOR","Forthing T5 Friday EV 410 KM - 2023 CCC","FOR_T5_EV_CCC","Black","","laithCars","الليث لتجارة السيارات","0","1","10","33","11","11","30","11","10","2","3","critical","Current stock is below minimum stock."
"FOR","Forthing T5 Friday EV 410 KM - 2023 CCC","FOR_T5_EV_CCC","Dark Grey","","laithCars","الليث لتجارة السيارات","0","1","10","47","12","15.67","30","15.67","10","2","3","critical","Current stock is below minimum stock."
"FOR","Forthing T5 Friday EV 410 KM - 2023 CCC","FOR_T5_EV_CCC","Grey","Brokers Amman Custom","laithCars","الليث لتجارة السيارات","0","1","10","2","1","0.67","30","0.67","10","2","3","critical","Current stock is below minimum stock."
"FOR","Forthing T5 Friday EV 410 KM - 2023 CCC","FOR_T5_EV_CCC","White","","laithCars","الليث لتجارة السيارات","0","1","10","1","1","0.33","30","0.33","10","2","3","critical","Current stock is below minimum stock."
"DFM","Dongfeng Mage HEV - E1 2025 CCC","DFM_Mage_HEV_CCC","WHITE / BLACK","","laithCars","الليث لتجارة السيارات","0","1","10","1","0","0.33","30","0.33","10","2","3","critical","Current stock is below minimum stock."
"DFM","Dongfeng Box EV 430 KM - E3 2025 EU","DFM_BOX_EV_EU","White","","laithCars","الليث لتجارة السيارات","0","1","10","55","11","18.33","30","18.33","10","2","3","critical","Current stock is below minimum stock."
"DFM","Dongfeng Mage EV SKY-01 445 KM - E1 2026 GCC","DFM_Mage_EV_GCC","Black","Amman -Vehicles- Khalda Custom","laithCars","الليث لتجارة السيارات","0","1","10","25","5","8.33","30","8.33","10","2","3","critical","Current stock is below minimum stock."
"MB","BYD HAN EV 605 KM Champion Honor - 2023 CCC","MB_BYD_EV_CCC","Grey","","laithCars","الليث لتجارة السيارات","0","1","10","1","0","0.33","30","0.33","10","2","3","critical","Current stock is below minimum stock."
"MB","BYD Destroyer 05 Hybrid - 2025 CCC","MB_BYD_HEV_CCC","Pearly White","","laithCars","الليث لتجارة السيارات","0","1","10","2","0","0.67","30","0.67","10","2","3","critical","Current stock is below minimum stock."
"MB","BYD Destroyer 05 Hybrid - 2025 CCC","MB_BYD_HEV_CCC","Navy","","laithCars","الليث لتجارة السيارات","0","1","10","0","0","0","30","0","10","2","3","critical","Current stock is below minimum stock."
"MB","BYD Destroyer 05 Hybrid - 2025 CCC","MB_BYD_HEV_CCC","Black","","laithCars","الليث لتجارة السيارات","0","1","10","0","0","0","30","0","10","2","3","critical","Current stock is below minimum stock."
"JAC","JAC T8 Pick-up Double Cabin Diesel 2023 CCC","JAC_T8_Diesel_CCC","Blue","Amman -Vehicles- Khalda Custom","laithCars","الليث لتجارة السيارات","0","1","10","0","0","0","30","0","10","2","3","critical","Current stock is below minimum stock."
"MB","DFSK Fengon Glory IX5 Gasoline - 2024 CCC","MB_DFSK_ICE_CCC","Red","","laithCars","الليث لتجارة السيارات","0","1","10","0","0","0","30","0","10","2","3","critical","Current stock is below minimum stock."
"BAIC","BAIC BJ30e BJ6470X52MHEV Hybrid LV5 - 2026 GCC","BAIC_BJ30e_HEV_GCC","Matt. Dark Gray","","laithCars","الليث لتجارة السيارات","0","1","10","16","0","5.33","30","5.33","10","2","3","critical","Current stock is below minimum stock."
"DFM","Dongfeng A30 Shine Gasoline - E1 2026 GCC","DFM_A30_ICE_GCC","Grey","","laithCars","الليث لتجارة السيارات","0","1","10","15","4","5","30","5","10","2","3","critical","Current stock is below minimum stock."
"DFM","Dongfeng A30 Shine Max Gasoline - E2 2025 GCC","DFM_A30_ICE_GCC","Grey","","laithCars","الليث لتجارة السيارات","0","1","10","1","0","0.33","30","0.33","10","2","3","critical","Current stock is below minimum stock."
"DFM","Dongfeng A30 Shine Gasoline - E1 2025 GCC","DFM_A30_ICE_GCC","White","Amman -Vehicles- Khalda Bonded","laithCars","الليث لتجارة السيارات","0","1","10","0","0","0","30","0","10","2","3","critical","Current stock is below minimum stock."
"DFM","Dongfeng Box EV 430 KM - E3 2025 EU","DFM_BOX_EV_EU","Silver","","laithCars","الليث لتجارة السيارات","0","1","10","123","21","41","30","41","10","2","3","critical","Current stock is below minimum stock."
"DFM","Dongfeng Box EV 430 KM - E3 2025 EU","DFM_BOX_EV_EU","Red and White","","laithCars","الليث لتجارة السيارات","0","1","10","0","0","0","30","0","10","2","3","critical","Current stock is below minimum stock."
"DFM","Dongfeng Box EV 430 KM - E3 2025 EU","DFM_BOX_EV_EU","PURPLE+WHITE","","laithCars","الليث لتجارة السيارات","0","1","10","0","0","0","30","0","10","2","3","critical","Current stock is below minimum stock."
"DFM","Dongfeng Box EV 430 KM - E3 2025 EU","DFM_BOX_EV_EU","BLUE+WHITE","","laithCars","الليث لتجارة السيارات","0","1","10","78","8","26","30","26","10","2","3","critical","Current stock is below minimum stock."
"DFM","Dongfeng Box EV 430 KM - E2 2025 EU","DFM_BOX_EV_EU","Silver","","laithCars","الليث لتجارة السيارات","0","1","10","1","1","0.33","30","0.33","10","2","3","critical","Current stock is below minimum stock."
"DFM","Dongfeng Box EV 330 KM - E2 2025 EU","DFM_BOX_EV_EU","Silver","","laithCars","الليث لتجارة السيارات","0","1","10","10","1","3.33","30","3.33","10","2","3","critical","Current stock is below minimum stock."
"DFM","Dongfeng Box EV 430 KM - E3 2025 EU","DFM_BOX_EV_EU","PINK+WHITE","","laithCars","الليث لتجارة السيارات","0","1","10","0","0","0","30","0","10","2","3","critical","Current stock is below minimum stock."
"DFM","Dongfeng Box EV 430 KM - E3 2025 EU","DFM_BOX_EV_EU","Red and Black","","laithCars","الليث لتجارة السيارات","0","1","10","0","0","0","30","0","10","2","3","critical","Current stock is below minimum stock."
"DFM","Dongfeng Box EV 330 KM - E2 2025 EU","DFM_BOX_EV_EU","Purple","","laithCars","الليث لتجارة السيارات","0","1","10","1","1","0.33","30","0.33","10","2","3","critical","Current stock is below minimum stock."
"DFM","Dongfeng Mage EV SKY-01 445 KM - E1 2026 GCC","DFM_Mage_EV_GCC","Silver","","laithCars","الليث لتجارة السيارات","0","1","10","1","0","0.33","30","0.33","10","2","3","critical","Current stock is below minimum stock."
"DFM","Dongfeng Mage EV SKY-01 445 KM - E1 2026 GCC","DFM_Mage_EV_GCC","Grey","","laithCars","الليث لتجارة السيارات","0","1","10","0","0","0","30","0","10","2","3","critical","Current stock is below minimum stock."
"DFM","Dongfeng Mage EV SKY-01 445 KM - E1 2026 GCC","DFM_Mage_EV_GCC","Blue","","laithCars","الليث لتجارة السيارات","0","1","10","0","0","0","30","0","10","2","3","critical","Current stock is below minimum stock."
"JAC","JAC E30X EV 405 KM Luxury PRO - 2026 EU","JAC_E30X_EV_EU","Grey","Irbid -Vehicles- Irbid Showroom Bonded","laithCars","الليث لتجارة السيارات","0","1","10","1","1","0.33","30","0.33","10","2","3","critical","Current stock is below minimum stock."
"JAC","JAC J7 Gasoline Luxury - 2026 GCC","JAC_J7_ICE_GCC","Black","","laithCars","الليث لتجارة السيارات","0","1","10","0","0","0","30","0","10","2","3","critical","Current stock is below minimum stock."
"ROX","ROX 01 VIP 6-Seats REV - 2025 GCC","ROX_01_REV_GCC","Silver","","laithCars","الليث لتجارة السيارات","0","1","10","0","0","0","30","0","10","2","3","critical","Current stock is below minimum stock."
"BAIC","BAIC BJ30e BJ6470X52MHEV Hybrid LV5 - 2026 GCC","BAIC_BJ30e_HEV_GCC","Black","","laithCars","الليث لتجارة السيارات","0","1","10","1","0","0.33","30","0.33","10","2","3","critical","Current stock is below minimum stock."
"BAIC","BAIC BJ30e BJ6470X52MHEV Hybrid LV5 - 2026 GCC","BAIC_BJ30e_HEV_GCC","Grey","","laithCars","الليث لتجارة السيارات","0","1","10","0","0","0","30","0","10","2","3","critical","Current stock is below minimum stock."
"BAIC","BAIC BJ40 PRO BJ2030V412M Gasoline LV2 - 2026 GCC","BAIC_BJ40 _ICE_GCC","Red","","laithCars","الليث لتجارة السيارات","0","1","10","1","1","0.33","30","0.33","10","2","3","critical","Current stock is below minimum stock."
"BAIC","BAIC BJ40 PRO BJ2030V412M Gasoline LV2 - 2026 GCC","BAIC_BJ40 _ICE_GCC","Grey","","laithCars","الليث لتجارة السيارات","0","1","10","1","1","0.33","30","0.33","10","2","3","critical","Current stock is below minimum stock."
"MB","BYD SEAL 05 EV - 2025 CCC","MB_BYD_EV_CCC","Grey","","laithCars","الليث لتجارة السيارات","0","1","10","0","0","0","30","0","10","2","3","critical","Current stock is below minimum stock."
"DFM","Dongfeng Mage EV SKY-01 445 KM - E1 2026 GCC","DFM_Mage_EV_GCC","SILVER","","laithCars","الليث لتجارة السيارات","0","1","10","52","3","17.33","30","17.33","10","2","3","critical","Current stock is below minimum stock."
"DFM","Dongfeng Mage EV SKY-01 445 KM - E1 2026 GCC","DFM_Mage_EV_GCC","BLUE","","laithCars","الليث لتجارة السيارات","0","1","10","39","2","13","30","13","10","2","3","critical","Current stock is below minimum stock."
"DFM","Dongfeng Mage EV SKY-01 445 KM - E1 2026 GCC","DFM_Mage_EV_GCC","BLACK","","laithCars","الليث لتجارة السيارات","0","1","10","369","94","123","30","123","10","2","3","critical","Current stock is below minimum stock."
"MB","BYD SEAL 05 EV - 2025 CCC","MB_BYD_EV_CCC","","","laithCars","الليث لتجارة السيارات","0","1","10","0","0","0","30","0","10","2","3","critical","Current stock is below minimum stock."
"MB","BYD SEAL 05 EV - 2025 CCC","MB_BYD_EV_CCC","Pearly White","","laithCars","الليث لتجارة السيارات","0","1","10","1","0","0.33","30","0.33","10","2","3","critical","Current stock is below minimum stock."
"MB","BYD Destroyer 05 Hybrid - 2025 CCC","MB_BYD_HEV_CCC","","","laithCars","الليث لتجارة السيارات","0","1","10","0","0","0","30","0","10","2","3","critical","Current stock is below minimum stock."
"MB","BYD Destroyer 05 Hybrid - 2025 CCC","MB_BYD_HEV_CCC","Metallic Grey","","laithCars","الليث لتجارة السيارات","0","1","10","0","0","0","30","0","10","2","3","critical","Current stock is below minimum stock."
"MB","BYD Destroyer 05 Hybrid - 2025 CCC","MB_BYD_HEV_CCC","BLACK","","laithCars","الليث لتجارة السيارات","0","1","10","0","0","0","30","0","10","2","3","critical","Current stock is below minimum stock."
"MB","BYD Destroyer 05 Hybrid - 2025 CCC","MB_BYD_HEV_CCC","Grey","","laithCars","الليث لتجارة السيارات","0","1","10","0","0","0","30","0","10","2","3","critical","Current stock is below minimum stock."
"DFM","Dongfeng Nammi-06 VIGO EV 480 KM - E3 2026 GCC","DFM_Nammi 06_EV_GCC","SILVER","","laithCars","الليث لتجارة السيارات","0","1","10","32","10","10.67","30","10.67","10","2","3","critical","Current stock is below minimum stock."
"DFM","Dongfeng Nammi-06 VIGO EV 480 KM - E3 2026 GCC","DFM_Nammi 06_EV_GCC","Yellow","","laithCars","الليث لتجارة السيارات","0","1","10","6","3","2","30","2","10","2","3","critical","Current stock is below minimum stock."
"DFM","Dongfeng Nammi-06 VIGO EV 480 KM - E3 2026 GCC","DFM_Nammi 06_EV_GCC","Green","","laithCars","الليث لتجارة السيارات","0","1","10","14","4","4.67","30","4.67","10","2","3","critical","Current stock is below minimum stock."
"DFM","Dongfeng Nammi-06 VIGO EV 480 KM - E3 2026 GCC","DFM_Nammi 06_EV_GCC","ORANGE","","laithCars","الليث لتجارة السيارات","0","1","10","9","7","3","30","3","10","2","3","critical","Current stock is below minimum stock."
"DFM","Dongfeng Nammi-06 VIGO EV 480 KM - E3 2026 GCC","DFM_Nammi 06_EV_GCC","White","","laithCars","الليث لتجارة السيارات","0","1","10","5","3","1.67","30","1.67","10","2","3","critical","Current stock is below minimum stock."
"MB","BYD QIN Plus EV - 2025 CCC","MB_BYD_EV_CCC","Metallic Grey","","laithCars","الليث لتجارة السيارات","0","1","10","0","0","0","30","0","10","2","3","critical","Current stock is below minimum stock."
"BAIC","BAIC BJ30e BJ6470X52MHEV Hybrid LV5 - 2026 GCC","BAIC_BJ30e_HEV_GCC","BLACK","","laithCars","الليث لتجارة السيارات","0","1","10","33","13","11","30","11","10","2","3","critical","Current stock is below minimum stock."
"MB","BYD QIN Plus EV - 2025 CCC","MB_BYD_EV_CCC","","","laithCars","الليث لتجارة السيارات","0","1","10","0","0","0","30","0","10","2","3","critical","Current stock is below minimum stock."
"DFM","Dongfeng MHERO II Plug-in Hybrid - E1+α 2026 GCC","DFM_M-Hero II_PHEV_GCC","White","Free Zone -Vehicles- Inspection and Costing","laithCars","الليث لتجارة السيارات","0","1","10","2","0","0.67","30","0.67","10","2","3","critical","Current stock is below minimum stock."
"DFM","Dongfeng MHERO I REV - 2 motors 2026 GCC","DFM_M-Hero I_REV_GCC","GREY","Free Zone -Vehicles- Inspection and Costing","laithCars","الليث لتجارة السيارات","0","1","10","0","0","0","30","0","10","2","3","critical","Current stock is below minimum stock."
"DFM","Dongfeng MHERO I REV - 2025 GCC","DFM_M-Hero I_REV_GCC","BLACK","","laithCars","الليث لتجارة السيارات","0","1","10","1","0","0.33","30","0.33","10","2","3","critical","Current stock is below minimum stock."
"JAC","JAC J7 Gasoline Luxury - 2026 GCC","JAC_J7_ICE_GCC","Grey","","laithCars","الليث لتجارة السيارات","0","1","10","1","0","0.33","30","0.33","10","2","3","critical","Current stock is below minimum stock."
"BAIC","BAIC BJ30e BJ6470X52MHEV Hybrid LV5 - 2026 GCC","BAIC_BJ30e_HEV_GCC","Matte Grey","","laithCars","الليث لتجارة السيارات","0","1","10","22","8","7.33","30","7.33","10","2","3","critical","Current stock is below minimum stock."
"BAIC","BAIC BJ30e BJ6470X52MHEV Hybrid LV5 - 2026 GCC","BAIC_BJ30e_HEV_GCC","Green","Free Zone -Vehicles- Inspection and Costing","laithCars","الليث لتجارة السيارات","0","1","10","1","0","0.33","30","0.33","10","2","3","critical","Current stock is below minimum stock."
"BAIC","BAIC BJ30e BJ6470X52MHEV Hybrid LV5 - 2026 GCC","BAIC_BJ30e_HEV_GCC","GREY","","laithCars","الليث لتجارة السيارات","0","1","10","10","3","3.33","30","3.33","10","2","3","critical","Current stock is below minimum stock."
"BAIC","BAIC BJ30e BJ6470X52MHEV Hybrid LV5 - 2026 GCC","BAIC_BJ30e_HEV_GCC","White","Free Zone -Vehicles- Inspection and Costing","laithCars","الليث لتجارة السيارات","0","1","10","2","1","0.67","30","0.67","10","2","3","critical","Current stock is below minimum stock."
"UV","Used Vehicles - Forthing S7 EV- 2025","Used_Forthing_All","","","laithCars","الليث لتجارة السيارات","0","1","10","1","0","0.33","30","0.33","10","2","3","critical","Current stock is below minimum stock."
"DFM","Dongfeng Mage Plug-in Hybrid - E1 2026 GCC","DFM_Mage_PHEV_GCC","BLUE","","laithCars","الليث لتجارة السيارات","0","1","10","8","8","2.67","30","2.67","10","2","3","critical","Current stock is below minimum stock."
"DFM","Dongfeng Huge Gasoline - E1 2026 GCC","DFM_Huge_ICE_GCC","BLACK+GREY","","laithCars","الليث لتجارة السيارات","0","1","10","2","2","0.67","30","0.67","10","2","3","critical","Current stock is below minimum stock."
"DFM","Dongfeng Huge Gasoline - E2 2026 GCC","DFM_Huge_ICE_GCC","White","","laithCars","الليث لتجارة السيارات","0","1","10","1","1","0.33","30","0.33","10","2","3","critical","Current stock is below minimum stock."
"FOR","Forthing S7 REV Exclusive - 2026 GCC","FOR_S7_REV_GCC","BLACK","","laithCars","الليث لتجارة السيارات","0","1","10","1","1","0.33","30","0.33","10","2","3","critical","Current stock is below minimum stock."
"JAC","JAC E30X EV 405 KM Luxury PRO - 2026 EU","JAC_E30X_EV_EU","","","laithCars","الليث لتجارة السيارات","0","1","10","1","0","0.33","30","0.33","10","2","3","critical","Current stock is below minimum stock."
"FOR","Forthing T5 Friday EV 500 KM Standard - 2026 GCC","FOR_T5_EV_GCC","BLACK","","laithCars","الليث لتجارة السيارات","0","1","10","1","1","0.33","30","0.33","10","2","3","critical","Current stock is below minimum stock."
"FOR","Forthing T5 Friday EV 630 KM - 2023 CCC","FOR_T5_EV_CCC","","Amman-Spare Parts-Main","laithCars","الليث لتجارة السيارات","0","1","10","0","0","0","30","0","10","2","3","critical","Current stock is below minimum stock."
"DFM","Dongfeng Mage Plug-in Hybrid - E1 2026 GCC","DFM_Mage_PHEV_GCC","","","laithCars","الليث لتجارة السيارات","0","1","10","0","0","0","30","0","10","2","3","critical","Current stock is below minimum stock."
"DFM","Dongfeng Box EV 330 KM - E2 2025 EU","DFM_BOX_EV_EU","","","laithCars","الليث لتجارة السيارات","0","1","10","1","1","0.33","30","0.33","10","2","3","critical","Current stock is below minimum stock."
"FOR","Forthing T5 REV Luxury - 2026 GCC","FOR_T5_REV_GCC","","Amman-Spare Parts-Main","laithCars","الليث لتجارة السيارات","0","1","10","0","0","0","30","0","10","2","3","critical","Current stock is below minimum stock."
"UV","Used Vehicles - Toyota RAV 4 - 2020","Used_Multi Brands_All","","Amman -Vehicles- Ground Floor Showroom Custom","laithCars","الليث لتجارة السيارات","0","1","10","0","0","0","30","0","10","2","3","critical","Current stock is below minimum stock."
"JAC","JAC N-Series Narrow Cabin Diesel - 2023 CCC","JAC_N-Series_Diesel_CCC","White","","baraka","البركة","1","1","10","2","0","0.67","30","0.67","9","2","3","critical","Current stock is below minimum stock."
"JAC","JAC N-Series Double Cabin Diesel - 2023 CCC","JAC_N-Series_Diesel_CCC","White","Freezone Warehouse","baraka","البركة","1","1","10","1","0","0.33","30","0.33","9","2","3","critical","Current stock is below minimum stock."
"MB","GMC Yukon Elevation 2WD - 2025","Items","","Freezone Warehouse","baraka","البركة","1","1","10","1","1","0.33","30","0.33","9","2","3","critical","Current stock is below minimum stock."
"DFM","Dongfeng Box EV 430 KM - E3 2025 EU","DFM_BOX_EV_EU","","","baraka","البركة","1","1","10","0","0","0","30","0","9","2","3","critical","Current stock is below minimum stock."
"FOR","Forthing S7 EV 550 KM Standard - 2025 EU","FOR_S7_EV_EU","Blue","","dania","دانية الضلال","1","1","10","1","0","0.33","30","0.33","9","2","3","critical","Current stock is below minimum stock."
"JAC","JAC J7 Gasoline Luxury - 2026 GCC","JAC_J7_ICE_GCC","White","","dania","دانية الضلال","1","1","10","1","0","0.33","30","0.33","9","2","3","critical","Current stock is below minimum stock."
"FOR","Forthing S7 REV Luxury - 2026 GCC","FOR_S7_REV_GCC","Purple","","dania","دانية الضلال","1","1","10","1","0","0.33","30","0.33","9","2","3","critical","Current stock is below minimum stock."
"FOR","Forthing S7 REV Exclusive - 2026 GCC","FOR_S7_REV_GCC","Purple","","dania","دانية الضلال","1","1","10","1","0","0.33","30","0.33","9","2","3","critical","Current stock is below minimum stock."
"FOR","Forthing S7 EV 550 KM Exclusive - 2026 GCC","FOR_S7_EV_GCC","Purple","Freezone Warehouse","dania","دانية الضلال","1","1","10","0","0","0","30","0","9","2","3","critical","Current stock is below minimum stock."
"FOR","Forthing S7 EV 550 KM Exclusive - 2026 GCC","FOR_S7_EV_GCC","Red","Freezone Warehouse","dania","دانية الضلال","1","1","10","0","0","0","30","0","9","2","3","critical","Current stock is below minimum stock."
"FOR","Forthing T5 Hybrid Exclusive - 2026 GCC","FOR_T5_HEV_GCC","Black","Freezone Warehouse","dania","دانية الضلال","1","1","10","0","0","0","30","0","9","2","3","critical","Current stock is below minimum stock."
"ROX","Rox 01 6seat VIP","ROX_01","Gray","","laith","الليث اللامع","1","1","10","12","6","4","30","4","9","2","3","critical","Current stock is below minimum stock."
"ROX","Rox 01 7seat","ROX_01","Gray","","laith","الليث اللامع","1","1","10","7","2","2.33","30","2.33","9","2","3","critical","Current stock is below minimum stock."
"JAC","JS3 1.6L CVT flagship","JAC_JS3","Red","AL-NASEEM SHOWROOM","laith","الليث اللامع","1","1","10","0","0","0","30","0","9","2","3","critical","Current stock is below minimum stock."
"JAC","JS3 1.6L CVT flagship","JAC_JS3","Silver","Warehouse - AL-Bassami - AL-Janadrih","laith","الليث اللامع","1","1","10","1","0","0.33","30","0.33","9","2","3","critical","Current stock is below minimum stock."
"JAC","J7 1.5T CVT Dual Tone  Intelligent","JAC_J7","Red","","laith","الليث اللامع","1","1","10","0","0","0","30","0","9","2","3","critical","Current stock is below minimum stock."
"JAC","J7 1.5T CVT Dual Tone  Intelligent","JAC_J7","Gray","","laith","الليث اللامع","1","1","10","0","0","0","30","0","9","2","3","critical","Current stock is below minimum stock."
"JAC","JS4 1.5T CVT One-tone  Intelligent","JAC_JS4","Gray","","laith","الليث اللامع","1","1","10","2","0","0.67","30","0.67","9","2","3","critical","Current stock is below minimum stock."
"JAC","JS4 1.5T CVT Dual Tone  Intelligent","JAC_JS4","Blue","","laith","الليث اللامع","1","1","10","0","0","0","30","0","9","2","3","critical","Current stock is below minimum stock."
"JAC","JS6 1.5T DCT Luxury","JAC_JS6","Black","","laith","الليث اللامع","1","1","10","1","0","0.33","30","0.33","9","2","3","critical","Current stock is below minimum stock."
"JAC","JS6 1.5T DCT Flagship","JAC_JS6","Black","","laith","الليث اللامع","1","1","10","2","2","0.67","30","0.67","9","2","3","critical","Current stock is below minimum stock."
"JAC","JAC E30X-EV- Comfort","Items","Black","JEDDAH - MADINH STREET","laith","الليث اللامع","1","1","10","0","0","0","30","0","9","2","3","critical","Current stock is below minimum stock."
"JAC","JAC E30X-EV- Comfort","Items","Gray","Warehouse - Khrais","laith","الليث اللامع","1","1","10","0","0","0","30","0","9","2","3","critical","Current stock is below minimum stock."
"JAC","JAC E30X-EV- Flagship","JAC E30x","Green","Warehouse - Khrais","laith","الليث اللامع","1","1","10","0","0","0","30","0","9","2","3","critical","Current stock is below minimum stock."
"ROX","ROX ADAMAS 7seat","ROX_ADAMAS","Black","","laith","الليث اللامع","1","1","10","12","6","4","30","4","9","2","3","critical","Current stock is below minimum stock."
"FOR","Forthing S7 REV Luxury","FOR_S7_REV_GCC","purple","","laith","الليث اللامع","1","1","10","1","0","0.33","30","0.33","9","2","3","critical","Current stock is below minimum stock."
"FOR","Forthing S7 REV Exclusive","FOR_S7_REV_GCC","Red","","laith","الليث اللامع","1","1","10","0","0","0","30","0","9","2","3","critical","Current stock is below minimum stock."
"FOR","Forthing T5 REV Luxury","FOR_T5_REV_GCC","Green","","laith","الليث اللامع","1","1","10","0","0","0","30","0","9","2","3","critical","Current stock is below minimum stock."
"FOR","Forthing T5 REV Luxury","FOR_T5_REV_GCC","White","","laith","الليث اللامع","1","1","10","0","0","0","30","0","9","2","3","critical","Current stock is below minimum stock."
"FOR","Forthing T5 REV Exclusive - 2026 GCC","FOR_T5_REV_GCC","Dark Gray","","laith","الليث اللامع","1","1","10","3","2","1","30","1","9","2","3","critical","Current stock is below minimum stock."
"FOR","Forthing S7 REV Luxury","FOR_S7_REV_GCC","Red","","laith","الليث اللامع","1","1","10","0","0","0","30","0","9","2","3","critical","Current stock is below minimum stock."
"UV","Used Vehicles - Fengon Glory IX7 Gasoline - 2024 CCC","Used_Multi Brands_All","Black","Amman -Vehicles- Khalda Custom","laithCars","الليث لتجارة السيارات","1","1","10","0","0","0","30","0","9","2","3","critical","Current stock is below minimum stock."
"UV","Used Vehicles - Forthing M4 U-Tour Luxury - 2023 CCC","Used_Forthing_All","Green","Brokers Amman Custom","laithCars","الليث لتجارة السيارات","1","1","10","0","0","0","30","0","9","2","3","critical","Current stock is below minimum stock."
"UV","Used Vehicles - BYD Yuan Plus EV - 2022 CCC","Used_Multi Brands_All","Grey","Amman -Vehicles- Khalda Custom","laithCars","الليث لتجارة السيارات","1","1","10","0","0","0","30","0","9","2","3","critical","Current stock is below minimum stock."
"UV","Used Behicles - BYD Song L E1 EV - 2024 CCC","Used_Multi Brands_All","Black","Vehicles - Cannibalize - Maintenance","laithCars","الليث لتجارة السيارات","1","1","10","0","0","0","30","0","9","2","3","critical","Current stock is below minimum stock."
"DFM","Dongfeng A30 Shine Gasoline - E1 2023 CCC","DFM_A30_ICE_CCC","Pearly White","Amman -Vehicles- Khalda Custom","laithCars","الليث لتجارة السيارات","1","1","10","0","0","0","30","0","9","2","3","critical","Current stock is below minimum stock."
"DFM","Dongfeng AX7 Gasoline - E1 2022 CCC","DFM_AX7_ICE_CCC","Black","Vehicles - Cannibalize - Maintenance","laithCars","الليث لتجارة السيارات","1","1","10","0","0","0","30","0","9","2","3","critical","Current stock is below minimum stock."
"FOR","Forthing M5 11 Seats EV 460 KM Luxury - 2026 CCC","FOR_M5_EV_CCC","Black","Free Zone -Vehicles- Main Showroom","laithCars","الليث لتجارة السيارات","1","1","10","0","0","0","30","0","9","2","3","critical","Current stock is below minimum stock."
"FOR","Forthing M5 11 Seats EV 460 KM Luxury - 2026 CCC","FOR_M5_EV_CCC","Yellow","Free Zone -Vehicles- hyundai Showroom","laithCars","الليث لتجارة السيارات","1","1","10","0","0","0","30","0","9","2","3","critical","Current stock is below minimum stock."
"FOR","Forthing S60 EV 410 KM Luxury - 2023 CCC","FOR_S60_EV_CCC","Black","Vehicles - Cannibalize - Maintenance","laithCars","الليث لتجارة السيارات","1","1","10","0","0","0","30","0","9","2","3","critical","Current stock is below minimum stock."
"FOR","Forthing T5 EVO Gasoline Exclusive - 2025 CCC","FOR_T5_ICE_CCC","Silver","Amman -Vehicles-  Saifo Showroom Custom","laithCars","الليث لتجارة السيارات","1","1","10","0","0","0","30","0","9","2","3","critical","Current stock is below minimum stock."
"DFM","Dongfeng Nano Box EX1 EV 330 KM - 2024 CCC","DFM_Nano Box_EV_CCC","White","Vehicles - Cannibalize - Maintenance","laithCars","الليث لتجارة السيارات","1","1","10","0","0","0","30","0","9","2","3","critical","Current stock is below minimum stock."
"DFM","Dongfeng E70 EV 400 KM - 2024 CCC","DFM_E70_EV_CCC","LIGHT GREY","Amman -Vehicles- Khalda Custom","laithCars","الليث لتجارة السيارات","1","1","10","0","0","0","30","0","9","2","3","critical","Current stock is below minimum stock."
"DFM","Dongfeng A60 Max Hybrid - 2023 CCC","DFM_A60_HEV_CCC","Pearly White","Brokers Amman Custom","laithCars","الليث لتجارة السيارات","1","1","10","0","0","0","30","0","9","2","3","critical","Current stock is below minimum stock."
"DFM","Dongfeng D60 Qichen EV 405 KM - Comfort 2022 CCC","DFM_D60_EV_CCC","White","Amman -Vehicles- Khalda Custom","laithCars","الليث لتجارة السيارات","1","1","10","0","0","0","30","0","9","2","3","critical","Current stock is below minimum stock."
"DFM","Dongfeng Venucia Star Mild Hybrid - E4 2022 CCC","DFM_Venucia Star_MHEV_CCC","Blue","Vehicles - Cannibalize - Maintenance","laithCars","الليث لتجارة السيارات","1","1","10","0","0","0","30","0","9","2","3","critical","Current stock is below minimum stock."
"DFM","Dongfeng Voyah Free REV - E1 2024 CCC","DFM_Voyah Free_REV_CCC","Green","","laithCars","الليث لتجارة السيارات","1","1","10","1","0","0.33","30","0.33","9","2","3","critical","Current stock is below minimum stock."
"DFM","Dongfeng Rich 6 SUV EV 320 KM 2022 CCC","DFM_RICH 6_EV_CCC","Black","Free Zone -Vehicles- Main Showroom","laithCars","الليث لتجارة السيارات","1","1","10","0","0","0","30","0","9","2","3","critical","Current stock is below minimum stock."
"FOR","Forthing M4 U-Tour Gasoline Luxury - 2023 CCC","FOR_M4_ICE_CCC","Green","Amman -Vehicles- Khalda Custom","laithCars","الليث لتجارة السيارات","1","1","10","0","0","0","30","0","9","2","3","critical","Current stock is below minimum stock."
"FOR","Forthing T5 Hybrid Exclusive - 2024 CCC","FOR_T5_HEV_CCC","Dark Grey","Vehicles - Cannibalize - Maintenance","laithCars","الليث لتجارة السيارات","1","1","10","0","0","0","30","0","9","2","3","critical","Current stock is below minimum stock."
"FOR","Forthing T5 Hybrid Exclusive - 2024 CCC","FOR_T5_HEV_CCC","Champagne","Vehicles - Cannibalize - Maintenance","laithCars","الليث لتجارة السيارات","1","1","10","0","0","0","30","0","9","2","3","critical","Current stock is below minimum stock."
"DFM","Dongfeng Huge Hybrid - E2 2024 CCC","DFM_Huge_HEV_CCC","Black","Amman -Vehicles- Khalda Custom","laithCars","الليث لتجارة السيارات","1","1","10","0","0","0","30","0","9","2","3","critical","Current stock is below minimum stock."
"DFM","Dongfeng Huge Hybrid - E2 2024 CCC","DFM_Huge_HEV_CCC","White","Amman -Vehicles-  Saifo Showroom Custom","laithCars","الليث لتجارة السيارات","1","1","10","0","0","0","30","0","9","2","3","critical","Current stock is below minimum stock."
"FOR","Forthing T5 Friday EV 630 KM - 2024 CCC","FOR_T5_EV_CCC","White","Vehicles - Cannibalize - Maintenance","laithCars","الليث لتجارة السيارات","1","1","10","0","0","0","30","0","9","2","3","critical","Current stock is below minimum stock."
"FOR","Forthing L2 Deck Cargo Truck EV - 2023 CCC","FOR_L2_EV_CCC","White","Free Zone -Vehicles- Main","laithCars","الليث لتجارة السيارات","1","1","10","0","0","0","30","0","9","2","3","critical","Current stock is below minimum stock."
"FOR","Forthing L2 Refrigerator Truck EV - 2023 CCC","FOR_L2_EV_CCC","White","Free Zone -Vehicles- Main","laithCars","الليث لتجارة السيارات","1","1","10","0","0","0","30","0","9","2","3","critical","Current stock is below minimum stock."
"FOR","Forthing L2 Box Truck EV - 2023 CCC","FOR_L2_EV_CCC","White","Free Zone -Vehicles- Main","laithCars","الليث لتجارة السيارات","1","1","10","0","0","0","30","0","9","2","3","critical","Current stock is below minimum stock."
"DFM","Dongfeng MHERO I EV 505 KM - 2025 EU","DFM_M-Hero I_EV_EU","Black","","laithCars","الليث لتجارة السيارات","1","1","10","1","1","0.33","30","0.33","9","2","3","critical","Current stock is below minimum stock."
"DFM","Dongfeng Nammi-01 EV 430 KM - Plus 2024 CCC","DFM_Nammi 01_EV_CCC","YELLOW WHITE ROOF","Free Zone -Vehicles- Main Showroom","laithCars","الليث لتجارة السيارات","1","1","10","0","0","0","30","0","9","2","3","critical","Current stock is below minimum stock."
"DFM","Dongfeng Nammi-01 EV 430 KM - Plus Full 2024 CCC","DFM_Nammi 01_EV_CCC","BLUE WHITE ROOF","Free Zone -Vehicles- Main","laithCars","الليث لتجارة السيارات","1","1","10","0","0","0","30","0","9","2","3","critical","Current stock is below minimum stock."
"DFM","Dongfeng Nammi-01 EV 430 KM - Plus 2024 CCC","DFM_Nammi 01_EV_CCC","BLUE WHITE ROOF","Free Zone -Vehicles- hyundai Showroom","laithCars","الليث لتجارة السيارات","1","1","10","0","0","0","30","0","9","2","3","critical","Current stock is below minimum stock."
"DFM","Dongfeng Mage Gasoline - E1 2025 GCC","DFM_Mage_ICE_GCC","White","Irbid -Vehicles- Irbid Showroom Custom","laithCars","الليث لتجارة السيارات","1","1","10","0","0","0","30","0","9","2","3","critical","Current stock is below minimum stock."
"DFM","Dongfeng Mage HEV - E1 2026 CCC","DFM_Mage_HEV_CCC","OLIVE GREEN","Amman -Vehicles- Khalda Custom","laithCars","الليث لتجارة السيارات","1","1","10","0","0","0","30","0","9","2","3","critical","Current stock is below minimum stock."
"FOR","Forthing M6 V9 Hybrid Exclusive - 2026 CCC","FOR_M6_HEV_CCC","Black","Amman -Vehicles- Khalda Custom","laithCars","الليث لتجارة السيارات","1","1","10","0","0","0","30","0","9","2","3","critical","Current stock is below minimum stock."
"MB","Toyota Camry Hybrid Sport Plus - 2024 CCC","MB_Toyota_HEV_CCC","Black","Amman -Vehicles- Khalda Custom","laithCars","الليث لتجارة السيارات","1","1","10","0","0","0","30","0","9","2","3","critical","Current stock is below minimum stock."
"MB","Toyota Camry Hybrid Prestige - 2024 CCC","MB_Toyota_HEV_CCC","Black","Amman -Vehicles- Khalda Custom","laithCars","الليث لتجارة السيارات","1","1","10","0","0","0","30","0","9","2","3","critical","Current stock is below minimum stock."
"MB","Toyota Highlander Hybrid Intelligent - 2024 CCC","MB_Toyota_HEV_CCC","Black","Amman -Vehicles- Khalda Custom","laithCars","الليث لتجارة السيارات","1","1","10","0","0","0","30","0","9","2","3","critical","Current stock is below minimum stock."
"MB","Toyota Highlander Hybrid Luxury - 2024 CCC","MB_Toyota_HEV_CCC","Black","Amman -Vehicles- Khalda Custom","laithCars","الليث لتجارة السيارات","1","1","10","0","0","0","30","0","9","2","3","critical","Current stock is below minimum stock."
"MB","Toyota Corolla Cross Hybrid Elite - 2025 CCC","MB_Toyota_HEV_CCC","White","","laithCars","الليث لتجارة السيارات","1","1","10","3","1","1","30","1","9","2","3","critical","Current stock is below minimum stock."
"MB","Toyota RAV 4 Hybrid Elite Plus - 2024 CCC","MB_Toyota_HEV_CCC","Black","Free Zone -Vehicles- Main Showroom","laithCars","الليث لتجارة السيارات","1","1","10","1","0","0.33","30","0.33","9","2","3","critical","Current stock is below minimum stock."
"MB","Dayun Yuehu Tiger EV 330 KM VIP - 2022 CCC","MB_Dayun_EV_CCC","Green","Amman -Vehicles- Khalda Custom","laithCars","الليث لتجارة السيارات","1","1","10","0","0","0","30","0","9","2","3","critical","Current stock is below minimum stock."
"MB","Dayun Yuehu Tiger EV 330 KM - 2023 CCC","MB_Dayun_EV_CCC","Green","","laithCars","الليث لتجارة السيارات","1","1","10","1","0","0.33","30","0.33","9","2","3","critical","Current stock is below minimum stock."
"DFM","Dongfeng A30 Shine Gasoline - E1 2026 GCC","DFM_A30_ICE_GCC","Black","","laithCars","الليث لتجارة السيارات","1","1","10","53","9","17.67","30","17.67","9","2","3","critical","Current stock is below minimum stock."
"DFM","Dongfeng A30 Shine Max Gasoline - E1 2025 GCC","DFM_A30_ICE_GCC","Blue","Amman -Vehicles- Khalda Bonded","laithCars","الليث لتجارة السيارات","1","1","10","0","0","0","30","0","9","2","3","critical","Current stock is below minimum stock."
"DFM","Dongfeng AX7 Gasoline - E2 2025 GCC","DFM_AX7_ICE_GCC","Black","Free Zone -Vehicles- hyundai Showroom","laithCars","الليث لتجارة السيارات","1","1","10","0","0","0","30","0","9","2","3","critical","Current stock is below minimum stock."
"FOR","Forthing S7 EV 550 KM Standard - 2025 EU","FOR_S7_EV_EU","White","Amman -Vehicles- Khalda Bonded","laithCars","الليث لتجارة السيارات","1","1","10","0","0","0","30","0","9","2","3","critical","Current stock is below minimum stock."
"JAC","JAC JS4 Gasoline Flagship - 2026 GCC","JAC_JS4_ICE_GCC","White","Amman -Vehicles- Khalda Bonded","laithCars","الليث لتجارة السيارات","1","1","10","0","0","0","30","0","9","2","3","critical","Current stock is below minimum stock."
"ROX","ROX 01 7-Seats REV - 2025 GCC","ROX_01_REV_GCC","Grey","Amman -Vehicles- Khalda Bonded","laithCars","الليث لتجارة السيارات","1","1","10","0","0","0","30","0","9","2","3","critical","Current stock is below minimum stock."
"BAIC","BAIC BJ40 PRO BJ2030V412M Gasoline LV2 - 2026 GCC","BAIC_BJ40 _ICE_GCC","Yellow","Free Zone -Vehicles- Main Showroom","laithCars","الليث لتجارة السيارات","1","1","10","0","0","0","30","0","9","2","3","critical","Current stock is below minimum stock."
"BAIC","BAIC BJ40 PRO BJ2030V412M Gasoline LV2 - 2026 GCC","BAIC_BJ40 _ICE_GCC","Blue","Amman -Vehicles- Khalda Bonded","laithCars","الليث لتجارة السيارات","1","1","10","0","0","0","30","0","9","2","3","critical","Current stock is below minimum stock."
"UV","Used Vehicles - DFM Venucia Star Mild Hybrid E4 - 2022 CCC","Used_Dongfeng_All","Black","Vehicles - Cannibalize - Maintenance","laithCars","الليث لتجارة السيارات","1","1","10","0","0","0","30","0","9","2","3","critical","Current stock is below minimum stock."
"DFM","Dongfeng Mage EV SKY-01 445 KM - E1 2026 GCC","DFM_Mage_EV_GCC","GREY","","laithCars","الليث لتجارة السيارات","1","1","10","64","2","21.33","30","21.33","9","2","3","critical","Current stock is below minimum stock."
"DFM","Dongfeng A30 Shine Max Gasoline - E1 2025 GCC","DFM_A30_ICE_GCC","BLACK","Free Zone -Vehicles- Inspection and Costing","laithCars","الليث لتجارة السيارات","1","1","10","0","0","0","30","0","9","2","3","critical","Current stock is below minimum stock."
"DFM","Dongfeng E-PI 007 REV - E1 2025 GCC","DFM_E-PI007_REV_GCC","GREY","","laithCars","الليث لتجارة السيارات","1","1","10","1","0","0.33","30","0.33","9","2","3","critical","Current stock is below minimum stock."
"DFM","Dongfeng Box EV 430 KM - E3 2026 EU","DFM_BOX_EV_EU","Red and Black","Free Zone -Vehicles- Main Showroom","laithCars","الليث لتجارة السيارات","1","1","10","0","0","0","30","0","9","2","3","critical","Current stock is below minimum stock."
"DFM","Dongfeng Nammi-06 VIGO EV 480 KM - E3 2026 GCC","DFM_Nammi 06_EV_GCC","BLACK","","laithCars","الليث لتجارة السيارات","1","1","10","67","28","22.33","30","22.33","9","2","3","critical","Current stock is below minimum stock."
"DFM","Dongfeng Nammi-01 EV 330 KM - Air 2024 CCC","DFM_Nammi 01_EV_CCC","Biege","Free Zone -Vehicles- Inspection and Costing","laithCars","الليث لتجارة السيارات","1","1","10","0","0","0","30","0","9","2","3","critical","Current stock is below minimum stock."
"UV","Used Vehicles - Forthing Friday EV - 2025","Used_Forthing_All","Metallic Grey","Amman -Vehicles- Khalda Custom","laithCars","الليث لتجارة السيارات","1","1","10","0","0","0","30","0","9","2","3","critical","Current stock is below minimum stock."
"DFM","Dongfeng Voyah Free REV - 2WD 2026 GCC","DFM_Voyah Free_REV_GCC","GREY","Free Zone -Vehicles- Inspection and Costing","laithCars","الليث لتجارة السيارات","1","1","10","0","0","0","30","0","9","2","3","critical","Current stock is below minimum stock."
"DFM","Dongfeng Voyah Free REV - 2WD 2026 GCC","DFM_Voyah Free_REV_GCC","BLACK","Free Zone -Vehicles- Inspection and Costing","laithCars","الليث لتجارة السيارات","1","1","10","0","0","0","30","0","9","2","3","critical","Current stock is below minimum stock."
"DFM","Dongfeng Mage Plug-in Hybrid - E1 2026 GCC","DFM_Mage_PHEV_GCC","Gold","","laithCars","الليث لتجارة السيارات","1","1","10","3","2","1","30","1","9","2","3","critical","Current stock is below minimum stock."
"DFM","Dongfeng Nammi-06 VIGO EV 410 KM - E1 2026 GCC","DFM_Nammi 06_EV_GCC","White","","laithCars","الليث لتجارة السيارات","1","1","10","1","1","0.33","30","0.33","9","2","3","critical","Current stock is below minimum stock."
"DFM","Dongfeng Nammi-06 VIGO EV 410 KM - E2 2026 GCC","DFM_Nammi 06_EV_GCC","White","Free Zone -Vehicles- Inspection and Costing","laithCars","الليث لتجارة السيارات","1","1","10","0","0","0","30","0","9","2","3","critical","Current stock is below minimum stock."
"DFM","Dongfeng Mage Gasoline - E3 2026 GCC","DFM_Mage_ICE_GCC","SILVER+BLACK","Free Zone -Vehicles- Inspection and Costing","laithCars","الليث لتجارة السيارات","1","1","10","0","0","0","30","0","9","2","3","critical","Current stock is below minimum stock."
"DFM","Dongfeng Mage Gasoline - E3 2026 GCC","DFM_Mage_ICE_GCC","BLUE","Free Zone -Vehicles- Inspection and Costing","laithCars","الليث لتجارة السيارات","1","1","10","0","0","0","30","0","9","2","3","critical","Current stock is below minimum stock."
"DFM","Dongfeng Mage Gasoline - E3 2026 GCC","DFM_Mage_ICE_GCC","WHITE / BLACK","Free Zone -Vehicles- Inspection and Costing","laithCars","الليث لتجارة السيارات","1","1","10","0","0","0","30","0","9","2","3","critical","Current stock is below minimum stock."
"DFM","Dongfeng Mage Gasoline - E3 2026 GCC","DFM_Mage_ICE_GCC","SILVER","Free Zone -Vehicles- Inspection and Costing","laithCars","الليث لتجارة السيارات","1","1","10","0","0","0","30","0","9","2","3","critical","Current stock is below minimum stock."
"FOR","Forthing T5 Hybrid Exclusive - 2026 GCC","FOR_T5_HEV_GCC","Red","Free Zone -Vehicles- Inspection and Costing","laithCars","الليث لتجارة السيارات","1","1","10","0","0","0","30","0","9","2","3","critical","Current stock is below minimum stock."
"FOR","Forthing T5 Hybrid Exclusive - 2026 GCC","FOR_T5_HEV_GCC","Champagne","Amman-Spare Parts-Main","laithCars","الليث لتجارة السيارات","1","1","10","0","0","0","30","0","9","2","3","critical","Current stock is below minimum stock."
"UV","Used Vehicles - Dongfeng A60 Max - 2022","Used_Dongfeng_All","","Amman -Vehicles- Ground Floor Showroom Custom","laithCars","الليث لتجارة السيارات","1","1","10","0","0","0","30","0","9","2","3","critical","Current stock is below minimum stock."
"DFM","Dongfeng Box EV 430 KM - E2 2025 EU","DFM_BOX_EV_EU","","Amman-Spare Parts-Main","laithCars","الليث لتجارة السيارات","1","1","10","0","0","0","30","0","9","2","3","critical","Current stock is below minimum stock."
"FOR","Forthing S7 REV Luxury - 2026 GCC","FOR_S7_REV_GCC","","Amman-Spare Parts-Main","laithCars","الليث لتجارة السيارات","1","1","10","0","0","0","30","0","9","2","3","critical","Current stock is below minimum stock."
"FOR","Forthing S7 EV 550 KM Exclusive - 2026 GCC","FOR_S7_EV_GCC","","Amman-Spare Parts-Main","laithCars","الليث لتجارة السيارات","1","1","10","0","0","0","30","0","9","2","3","critical","Current stock is below minimum stock."
"DFM","Dongfeng Rich 6 Pick-up 4*4 Diesel 2023 CCC","DFM_RICH 6_Diesel_CCC","Silver","Freezone Warehouse","baraka","البركة","2","1","10","0","0","0","30","0","8","2","3","high","Current stock is below reorder point."
"JAC","JAC JS4 Gasoline Flagship - 2026 GCC","JAC_JS4_ICE_GCC","Black","Freezone Warehouse","dania","دانية الضلال","2","1","10","0","0","0","30","0","8","2","3","high","Current stock is below reorder point."
"FOR","Forthing S7 REV Luxury - 2026 GCC","FOR_S7_REV_GCC","White","Freezone Warehouse","dania","دانية الضلال","2","1","10","0","0","0","30","0","8","2","3","high","Current stock is below reorder point."
"FOR","Forthing S7 REV Luxury - 2026 GCC","FOR_S7_REV_GCC","Red","Freezone Warehouse","dania","دانية الضلال","2","1","10","4","2","1.33","30","1.33","8","2","3","high","Current stock is below reorder point."
"FOR","Forthing S7 REV Exclusive - 2026 GCC","FOR_S7_REV_GCC","White","","dania","دانية الضلال","2","1","10","1","0","0.33","30","0.33","8","2","3","high","Current stock is below reorder point."
"FOR","Forthing S7 EV 550 KM Luxury - 2026 GCC","FOR_S7_EV_GCC","White","Freezone Warehouse","dania","دانية الضلال","2","1","10","0","0","0","30","0","8","2","3","high","Current stock is below reorder point."
"FOR","Forthing S7 EV 550 KM Luxury - 2026 GCC","FOR_S7_EV_GCC","Purple","Freezone Warehouse","dania","دانية الضلال","2","1","10","0","0","0","30","0","8","2","3","high","Current stock is below reorder point."
"FOR","Forthing S7 EV 550 KM Exclusive - 2026 GCC","FOR_S7_EV_GCC","White","Freezone Warehouse","dania","دانية الضلال","2","1","10","0","0","0","30","0","8","2","3","high","Current stock is below reorder point."
"FOR","Forthing T5 Friday EV 500 KM Standard - 2026 GCC","FOR_T5_EV_GCC","Red","Freezone Warehouse","dania","دانية الضلال","2","1","10","0","0","0","30","0","8","2","3","high","Current stock is below reorder point."
"JAC","JS3 1.6L CVT Luxury","JAC_JS3","Silver","","laith","الليث اللامع","2","1","10","0","0","0","30","0","8","2","3","high","Current stock is below reorder point."
"JAC","J7 1.5T CVT One-tone Intelligent","JAC_J7","Red","AL-NASEEM SHOWROOM","laith","الليث اللامع","2","1","10","1","1","0.33","30","0.33","8","2","3","high","Current stock is below reorder point."
"JAC","JS4 1.5T CVT One-tone  Intelligent","JAC_JS4","Black","","laith","الليث اللامع","2","1","10","1","0","0.33","30","0.33","8","2","3","high","Current stock is below reorder point."
"JAC","JS4 1.5T CVT Dual Tone  Intelligent","JAC_JS4","Red","","laith","الليث اللامع","2","1","10","0","0","0","30","0","8","2","3","high","Current stock is below reorder point."
"ROX","ROX ADAMAS 7seat","ROX_ADAMAS","Green","","laith","الليث اللامع","2","1","10","2","1","0.67","30","0.67","8","2","3","high","Current stock is below reorder point."
"ROX","ROX ADAMAS 6seat VIP","ROX_ADAMAS","Gray","","laith","الليث اللامع","2","1","10","20","8","6.67","30","6.67","8","2","3","high","Current stock is below reorder point."
"FOR","Forthing S7 REV Luxury","FOR_S7_REV_GCC","Black","","laith","الليث اللامع","2","1","10","4","4","1.33","30","1.33","8","2","3","high","Current stock is below reorder point."
"FOR","Forthing S7 REV Luxury","FOR_S7_REV_GCC","Green","","laith","الليث اللامع","2","1","10","0","0","0","30","0","8","2","3","high","Current stock is below reorder point."
"FOR","Forthing T5 REV Luxury","FOR_T5_REV_GCC","light brown","","laith","الليث اللامع","2","1","10","0","0","0","30","0","8","2","3","high","Current stock is below reorder point."
"FOR","Forthing T5L Gasoline Comfort - 2022 CCC","FOR_T5L_ICE_CCC","White","Brokers Amman Custom","laithCars","الليث لتجارة السيارات","2","1","10","0","0","0","30","0","8","2","3","high","Current stock is below reorder point."
"FOR","Forthing T5 Hybrid Exclusive - 2024 CCC","FOR_T5_HEV_CCC","Pearly White","Brokers Amman Custom","laithCars","الليث لتجارة السيارات","2","1","10","0","0","0","30","0","8","2","3","high","Current stock is below reorder point."
"DFM","Dongfeng Nammi-01 EV 430 KM - Plus 2025 CCC","DFM_Nammi 01_EV_CCC","Silver","","laithCars","الليث لتجارة السيارات","2","1","10","1","0","0.33","30","0.33","8","2","3","high","Current stock is below reorder point."
"DFM","Dongfeng Nammi-01 EV 430 KM - Plus 2024 CCC","DFM_Nammi 01_EV_CCC","White","Amman -Vehicles- Khalda Custom","laithCars","الليث لتجارة السيارات","2","1","10","0","0","0","30","0","8","2","3","high","Current stock is below reorder point."
"DFM","Dongfeng A30 Shine Max Gasoline - E1 2025 GCC","DFM_A30_ICE_GCC","Grey","Free Zone -Vehicles- Main Showroom","laithCars","الليث لتجارة السيارات","2","1","10","0","0","0","30","0","8","2","3","high","Current stock is below reorder point."
"DFM","Dongfeng Mage Gasoline - E1 2026 GCC","DFM_Mage_ICE_GCC","Silver","","laithCars","الليث لتجارة السيارات","2","1","10","2","1","0.67","30","0.67","8","2","3","high","Current stock is below reorder point."
"DFM","Dongfeng Box EV 430 KM - E3 2025 EU","DFM_BOX_EV_EU","Purple","","laithCars","الليث لتجارة السيارات","2","1","10","4","2","1.33","30","1.33","8","2","3","high","Current stock is below reorder point."
"BAIC","BAIC BJ60 BJ2030V63MBSG Mild Hybrid Flagship - 2026 GCC","BAIC_BJ60_MHEV_GCC","Black","","laithCars","الليث لتجارة السيارات","2","1","10","0","0","0","30","0","8","2","3","high","Current stock is below reorder point."
"DFM","Dongfeng E-PI 007 REV - E1 2025 GCC","DFM_E-PI007_REV_GCC","BLACK","Free Zone -Vehicles- Inspection and Costing","laithCars","الليث لتجارة السيارات","2","1","10","0","0","0","30","0","8","2","3","high","Current stock is below reorder point."
"DFM","Dongfeng MHERO II Plug-in Hybrid - E1+α 2026 GCC","DFM_M-Hero II_PHEV_GCC","Green","Free Zone -Vehicles- Inspection and Costing","laithCars","الليث لتجارة السيارات","2","1","10","0","0","0","30","0","8","2","3","high","Current stock is below reorder point."
"DFM","Dongfeng MHERO I REV - 2 motors 2026 GCC","DFM_M-Hero I_REV_GCC","BLACK","Free Zone -Vehicles- Inspection and Costing","laithCars","الليث لتجارة السيارات","2","1","10","0","0","0","30","0","8","2","3","high","Current stock is below reorder point."
"BAIC","BAIC BJ30e BJ6470X52MHEV Hybrid LV5 - 2026 GCC","BAIC_BJ30e_HEV_GCC","Bubble Gray","Free Zone -Vehicles- Inspection and Costing","laithCars","الليث لتجارة السيارات","2","1","10","1","1","0.33","30","0.33","8","2","3","high","Current stock is below reorder point."
"BAIC","BAIC BJ60 BJ2030V63MBSG Mild Hybrid Flagship - 2026 GCC","BAIC_BJ60_MHEV_GCC","Matte Green","Free Zone -Vehicles- Inspection and Costing","laithCars","الليث لتجارة السيارات","2","1","10","0","0","0","30","0","8","2","3","high","Current stock is below reorder point."
"DFM","Dongfeng Mage Gasoline - E3 2026 GCC","DFM_Mage_ICE_GCC","White","Free Zone -Vehicles- Inspection and Costing","laithCars","الليث لتجارة السيارات","2","1","10","0","0","0","30","0","8","2","3","high","Current stock is below reorder point."
"FOR","Forthing S7 REV Luxury - 2026 GCC","FOR_S7_REV_GCC","BLACK","Amman-Spare Parts-Main","laithCars","الليث لتجارة السيارات","2","1","10","0","0","0","30","0","8","2","3","high","Current stock is below reorder point."
"FOR","Forthing T5 REV Luxury - 2026 GCC","FOR_T5_REV_GCC","Dark Grey","Amman-Spare Parts-Main","laithCars","الليث لتجارة السيارات","2","1","10","0","0","0","30","0","8","2","3","high","Current stock is below reorder point."
"DFM","Dongfeng Rich 6 Pick-up 4*4 Diesel 2023 CCC","DFM_RICH 6_Diesel_CCC","Black","Freezone Warehouse","baraka","البركة","3","1","10","0","0","0","30","0","7","2","3","medium","Stock is below max target."
"DFM","Dongfeng Rich 6 Pick-up 4*4 Diesel 2023 CCC","DFM_RICH 6_Diesel_CCC","White","Freezone Warehouse","baraka","البركة","3","1","10","0","0","0","30","0","7","2","3","medium","Stock is below max target."
"FOR","Forthing S7 EV 550 KM Luxury - 2026 GCC","FOR_S7_EV_GCC","Green","Freezone Warehouse","dania","دانية الضلال","3","1","10","0","0","0","30","0","7","2","3","medium","Stock is below max target."
"FOR","Forthing T5 REV Luxury - 2026 GCC","FOR_T5_REV_GCC","Light Grey","Freezone Warehouse","dania","دانية الضلال","3","1","10","0","0","0","30","0","7","2","3","medium","Stock is below max target."
"FOR","Forthing T5 REV Luxury - 2026 GCC","FOR_T5_REV_GCC","White","","dania","دانية الضلال","3","1","10","1","1","0.33","30","0.33","7","2","3","medium","Stock is below max target."
"FOR","Forthing T5 REV Luxury - 2026 GCC","FOR_T5_REV_GCC","Dark Gray","Freezone Warehouse","dania","دانية الضلال","3","1","10","2","2","0.67","30","0.67","7","2","3","medium","Stock is below max target."
"ROX","Rox 01 7seat","ROX_01","White","","laith","الليث اللامع","3","1","10","9","5","3","30","3","7","2","3","medium","Stock is below max target."
"JAC","JS3 1.6L CVT flagship","JAC_JS3","White","","laith","الليث اللامع","3","1","10","0","0","0","30","0","7","2","3","medium","Stock is below max target."
"ROX","ROX ADAMAS 6seat VIP","ROX_ADAMAS","Green Plus","","laith","الليث اللامع","3","1","10","10","6","3.33","30","3.33","7","2","3","medium","Stock is below max target."
"DFM","Dongfeng Rich 6 SUV EV 320 KM 2022 CCC","DFM_RICH 6_EV_CCC","Silver","Irbid -Vehicles- Irbid Showroom Custom","laithCars","الليث لتجارة السيارات","3","1","10","0","0","0","30","0","7","2","3","medium","Stock is below max target."
"FOR","Forthing T5 Friday EV 410 KM - 2023 CCC","FOR_T5_EV_CCC","Blue","Amman -Vehicles- Khalda Custom","laithCars","الليث لتجارة السيارات","3","1","10","5","1","1.67","30","1.67","7","2","3","medium","Stock is below max target."
"JAC","JAC E30X EV 405 KM Luxury PRO - 2026 EU","JAC_E30X_EV_EU","Sky Blue","Amman -Vehicles- Khalda Custom","laithCars","الليث لتجارة السيارات","3","1","10","0","0","0","30","0","7","2","3","medium","Stock is below max target."
"DFM","Dongfeng A30 Shine Max Gasoline - E1 2025 GCC","DFM_A30_ICE_GCC","Black","Brokers Free Zone","laithCars","الليث لتجارة السيارات","3","1","10","0","0","0","30","0","7","2","3","medium","Stock is below max target."
"DFM","Dongfeng AX7 Gasoline - E2 2025 GCC","DFM_AX7_ICE_GCC","Grey","Free Zone -Vehicles- Main Showroom","laithCars","الليث لتجارة السيارات","3","1","10","0","0","0","30","0","7","2","3","medium","Stock is below max target."
"DFM","Dongfeng Mage Gasoline - E1 2026 GCC","DFM_Mage_ICE_GCC","White","Free Zone -Vehicles- Main","laithCars","الليث لتجارة السيارات","3","1","10","0","0","0","30","0","7","2","3","medium","Stock is below max target."
"DFM","Dongfeng Mage Gasoline - E1 2026 GCC","DFM_Mage_ICE_GCC","WHITE / BLACK","Free Zone -Vehicles- Main","laithCars","الليث لتجارة السيارات","3","1","10","1","0","0.33","30","0.33","7","2","3","medium","Stock is below max target."
"DFM","Dongfeng Mage Gasoline - E1 2026 GCC","DFM_Mage_ICE_GCC","Blue","","laithCars","الليث لتجارة السيارات","3","1","10","0","0","0","30","0","7","2","3","medium","Stock is below max target."
"DFM","Dongfeng Box EV 430 KM - E3 2026 EU","DFM_BOX_EV_EU","Silver","Free Zone -Vehicles- Main","laithCars","الليث لتجارة السيارات","3","1","10","0","0","0","30","0","7","2","3","medium","Stock is below max target."
"JAC","JAC E30X EV 405 KM Luxury PRO - 2026 EU","JAC_E30X_EV_EU","Biege","Amman -Vehicles-  Saifo Showroom Bonded","laithCars","الليث لتجارة السيارات","3","1","10","0","0","0","30","0","7","2","3","medium","Stock is below max target."
"BAIC","BAIC BJ40 PRO BJ2030V412M Gasoline LV2 - 2026 GCC","BAIC_BJ40 _ICE_GCC","BLACK","Free Zone -Vehicles- Inspection and Costing","laithCars","الليث لتجارة السيارات","3","1","10","0","0","0","30","0","7","2","3","medium","Stock is below max target."
"DFM","Dongfeng Mage Gasoline - E2 2026 GCC","DFM_Mage_ICE_GCC","SILVER+BLACK","Free Zone -Vehicles- Inspection and Costing","laithCars","الليث لتجارة السيارات","3","1","10","0","0","0","30","0","7","2","3","medium","Stock is below max target."
"DFM","Dongfeng Mage Plug-in Hybrid - E1 2026 GCC","DFM_Mage_PHEV_GCC","WHITE / BLACK","Free Zone -Vehicles- Inspection and Costing","laithCars","الليث لتجارة السيارات","3","1","10","1","1","0.33","30","0.33","7","2","3","medium","Stock is below max target."
"JAC","JAC E30X EV 405 KM Luxury PRO - 2026 EU","JAC_E30X_EV_EU","BEIGE","","dania","دانية الضلال","4","1","10","3","2","1","30","1","6","2","3","medium","Stock is below max target."
"FOR","Forthing T5 Friday EV 500 KM Standard - 2026 GCC","FOR_T5_EV_GCC","Light Grey","","dania","دانية الضلال","4","1","10","2","2","0.67","30","0.67","6","2","3","medium","Stock is below max target."
"ROX","Rox 01 7seat","ROX_01","Black","","laith","الليث اللامع","4","1","10","10","6","3.33","30","3.33","6","2","3","medium","Stock is below max target."
"JAC","JS3 1.6L CVT flagship","JAC_JS3","Gray","Warehouse - AL-Bassami - AL-Janadrih","laith","الليث اللامع","4","1","10","1","0","0.33","30","0.33","6","2","3","medium","Stock is below max target."
"JAC","JS6 1.5T DCT COMFORT","JAC_JS6","Gray","Warehouse - AL-Bassami - AL-Janadrih","laith","الليث اللامع","4","1","10","2","0","0.67","30","0.67","6","2","3","medium","Stock is below max target."
"JAC","JS6 1.5T DCT Flagship","JAC_JS6","White","Warehouse - AL-Bassami - AL-Janadrih","laith","الليث اللامع","4","1","10","0","0","0","30","0","6","2","3","medium","Stock is below max target."
"ROX","ROX ADAMAS 6seat VIP","ROX_ADAMAS","Black","","laith","الليث اللامع","4","1","10","38","31","12.67","30","12.67","6","2","3","medium","Stock is below max target."
"FOR","Forthing S7 REV Luxury","FOR_S7_REV_GCC","Blue","","laith","الليث اللامع","4","1","10","0","0","0","30","0","6","2","3","medium","Stock is below max target."
"FOR","Forthing T5 REV Luxury","FOR_T5_REV_GCC","Black","","laith","الليث اللامع","4","1","10","1","1","0.33","30","0.33","6","2","3","medium","Stock is below max target."
"DFM","Dongfeng Box EV 430 KM - E2 2025 EU","DFM_BOX_EV_EU","White","Brokers Amman Custom","laithCars","الليث لتجارة السيارات","4","1","10","1","1","0.33","30","0.33","6","2","3","medium","Stock is below max target."
"DFM","Dongfeng Box EV 430 KM - E2 2024 EU","DFM_BOX_EV_EU","White","Amman -Vehicles- Khalda Custom","laithCars","الليث لتجارة السيارات","4","1","10","0","0","0","30","0","6","2","3","medium","Stock is below max target."
"DFM","Dongfeng Mage Gasoline - E1 2026 GCC","DFM_Mage_ICE_GCC","Black","Free Zone -Vehicles- Main","laithCars","الليث لتجارة السيارات","4","1","10","4","0","1.33","30","1.33","6","2","3","medium","Stock is below max target."
"BAIC","BAIC BJ60 BJ2030V63MBSG Mild Hybrid Flagship - 2026 GCC","BAIC_BJ60_MHEV_GCC","Green","","laithCars","الليث لتجارة السيارات","4","1","10","1","0","0.33","30","0.33","6","2","3","medium","Stock is below max target."
"DFM","Dongfeng Box EV 430 KM - E3 2026 EU","DFM_BOX_EV_EU","PINK+WHITE","Free Zone -Vehicles- Main","laithCars","الليث لتجارة السيارات","4","1","10","0","0","0","30","0","6","2","3","medium","Stock is below max target."
"DFM","Dongfeng E-PI 007 REV - E1 2026 GCC","DFM_E-PI007_REV_GCC","White","Free Zone -Vehicles- Inspection and Costing","laithCars","الليث لتجارة السيارات","4","1","10","0","0","0","30","0","6","2","3","medium","Stock is below max target."
"BAIC","BAIC BJ40 PRO BJ2030V412M Gasoline LV2 - 2026 GCC","BAIC_BJ40 _ICE_GCC","GREY","Free Zone -Vehicles- Inspection and Costing","laithCars","الليث لتجارة السيارات","4","1","10","0","0","0","30","0","6","2","3","medium","Stock is below max target."
"BAIC","BAIC BJ60 BJ2030V63MBSG Mild Hybrid Flagship - 2026 GCC","BAIC_BJ60_MHEV_GCC","BLACK","","laithCars","الليث لتجارة السيارات","4","1","10","2","1","0.67","30","0.67","6","2","3","medium","Stock is below max target."
"FOR","Forthing S7 EV 550 KM Luxury - 2026 GCC","FOR_S7_EV_GCC","Red","Freezone Warehouse","dania","دانية الضلال","5","1","10","1","0","0.33","30","0.33","5","2","3","medium","Stock is below max target."
"ROX","Rox 01 6seat VIP","ROX_01","White","","laith","الليث اللامع","5","1","10","24","15","8","30","8","5","2","3","medium","Stock is below max target."
"JAC","JS3 1.6L CVT flagship","JAC_JS3","Black","","laith","الليث اللامع","5","1","10","1","0","0.33","30","0.33","5","2","3","medium","Stock is below max target."
"FOR","Forthing T5 REV Luxury","FOR_T5_REV_GCC","Dark Gray","","laith","الليث اللامع","5","1","10","0","0","0","30","0","5","2","3","medium","Stock is below max target."
"FOR","Forthing T5 Hybrid Exclusive - 2025 CCC","FOR_T5_HEV_CCC","White","","laithCars","الليث لتجارة السيارات","5","1","10","2","1","0.67","30","0.67","5","2","3","medium","Stock is below max target."
"DFM","Dongfeng Box EV 430 KM - E2 2025 EU","DFM_BOX_EV_EU","Blue","Brokers Amman Custom","laithCars","الليث لتجارة السيارات","5","1","10","1","1","0.33","30","0.33","5","2","3","medium","Stock is below max target."
"MB","DFSK Fengon Glory IX7 Gasoline - 2024 CCC","MB_DFSK_ICE_CCC","Black","Free Zone -Vehicles- Main","laithCars","الليث لتجارة السيارات","5","1","10","0","0","0","30","0","5","2","3","medium","Stock is below max target."
"BAIC","BAIC BJ60 BJ2030V63MBSG Mild Hybrid Flagship - 2026 GCC","BAIC_BJ60_MHEV_GCC","White","Amman -Vehicles- Khalda Bonded","laithCars","الليث لتجارة السيارات","5","1","10","0","0","0","30","0","5","2","3","medium","Stock is below max target."
"FOR","Forthing T5 Hybrid Exclusive - 2026 GCC","FOR_T5_HEV_GCC","Dark Grey","Free Zone -Vehicles- Inspection and Costing","laithCars","الليث لتجارة السيارات","5","1","10","1","1","0.33","30","0.33","5","2","3","medium","Stock is below max target."
"FOR","Forthing T5 Hybrid Exclusive - 2026 GCC","FOR_T5_HEV_GCC","Green","Free Zone -Vehicles- Inspection and Costing","laithCars","الليث لتجارة السيارات","5","1","10","0","0","0","30","0","5","2","3","medium","Stock is below max target."
"ROX","ROX 01 7-Seats REV - 2025 GCC","ROX_01_REV_GCC","White","","baraka","البركة","6","1","10","2","0","0.67","30","0.67","4","2","3","medium","Stock is below max target."
"JAC","JS6 1.5T DCT COMFORT","JAC_JS6","White","","laith","الليث اللامع","6","1","10","0","0","0","30","0","4","2","3","medium","Stock is below max target."
"DFM","Dongfeng Nano Box EV 351 KM - 2025 CCC","DFM_Nano Box_EV_CCC","Green","Free Zone -Vehicles- Main","laithCars","الليث لتجارة السيارات","6","1","10","0","0","0","30","0","4","2","3","medium","Stock is below max target."
"DFM","Dongfeng Box EV 430 KM - E2 2025 EU","DFM_BOX_EV_EU","Purple","Amman -Vehicles- Khalda Custom","laithCars","الليث لتجارة السيارات","6","1","10","0","0","0","30","0","4","2","3","medium","Stock is below max target."
"DFM","Dongfeng AX7 Gasoline - E1 2025 GCC","DFM_AX7_ICE_GCC","Grey","Free Zone -Vehicles- Main Showroom","laithCars","الليث لتجارة السيارات","6","1","10","0","0","0","30","0","4","2","3","medium","Stock is below max target."
"DFM","Dongfeng E-PI 007 REV - E1 2025 GCC","DFM_E-PI007_REV_GCC","White","Free Zone -Vehicles- Inspection and Costing","laithCars","الليث لتجارة السيارات","6","1","10","0","0","0","30","0","4","2","3","medium","Stock is below max target."
"DFM","Dongfeng E-PI 007 REV - E1 2026 GCC","DFM_E-PI007_REV_GCC","Purple","Free Zone -Vehicles- Inspection and Costing","laithCars","الليث لتجارة السيارات","6","1","10","1","1","0.33","30","0.33","4","2","3","medium","Stock is below max target."
"DFM","Dongfeng E-PI 007 REV - E1 2026 GCC","DFM_E-PI007_REV_GCC","Gold","Free Zone -Vehicles- Inspection and Costing","laithCars","الليث لتجارة السيارات","6","1","10","3","3","1","30","1","4","2","3","medium","Stock is below max target."
"BAIC","BAIC BJ30e BJ6470X52MHEV Hybrid LV5 - 2026 GCC","BAIC_BJ30e_HEV_GCC","Sky Blue","Free Zone -Vehicles- Inspection and Costing","laithCars","الليث لتجارة السيارات","6","1","10","0","0","0","30","0","4","2","3","medium","Stock is below max target."
"JAC","JAC E30X EV 405 KM Luxury PRO - 2026 EU","JAC_E30X_EV_EU","Blue","Freezone Warehouse","dania","دانية الضلال","7","1","10","0","0","0","30","0","3","2","3","medium","Stock is below max target."
"FOR","Forthing T5 REV Luxury - 2026 GCC","FOR_T5_REV_GCC","Black","","dania","دانية الضلال","7","1","10","1","1","0.33","30","0.33","3","2","3","medium","Stock is below max target."
"DFM","Dongfeng E-PI 007 REV - E1 2026 GCC","DFM_E-PI007_REV_GCC","BLACK","Free Zone -Vehicles- Inspection and Costing","laithCars","الليث لتجارة السيارات","7","1","10","15","8","5","30","5","3","2","3","medium","Stock is below max target."
"ROX","ROX ADAMAS 6seat VIP","ROX_ADAMAS","White","","laith","الليث اللامع","8","1","10","15","12","5","30","5","2","2","3","medium","Stock is below max target."
"DFM","Dongfeng Voyah Free REV - E1 2024 CCC","DFM_Voyah Free_REV_CCC","Grey","Free Zone -Vehicles- Main","laithCars","الليث لتجارة السيارات","8","1","10","0","0","0","30","0","2","2","3","medium","Stock is below max target."
"DFM","Dongfeng Voyah Free REV - E1 2024 CCC","DFM_Voyah Free_REV_CCC","Black","Amman -Vehicles-  Saifo Showroom Custom","laithCars","الليث لتجارة السيارات","8","1","10","0","0","0","30","0","2","2","3","medium","Stock is below max target."
"BAIC","BAIC BJ40 PRO BJ2030V412M Gasoline LV2 - 2026 GCC","BAIC_BJ40 _ICE_GCC","Black","Free Zone -Vehicles- Main","laithCars","الليث لتجارة السيارات","8","1","10","0","0","0","30","0","2","2","3","medium","Stock is below max target."
"FOR","Forthing T5 EVO Gasoline Exclusive - 2025 CCC","FOR_T5_ICE_CCC","Green","","dania","دانية الضلال","9","1","10","4","2","1.33","30","1.33","1","2","3","medium","Stock is below max target."
"FOR","Forthing T5 Hybrid Exclusive - 2026 GCC","FOR_T5_HEV_GCC","White","","dania","دانية الضلال","9","1","10","1","1","0.33","30","0.33","1","2","3","medium","Stock is below max target."
"JAC","JS6 1.5T DCT COMFORT","JAC_JS6","Black","Warehouse - AL-Bassami - AL-Janadrih","laith","الليث اللامع","9","1","10","1","0","0.33","30","0.33","1","2","3","medium","Stock is below max target."
"FOR","Forthing S60 EV 410 KM Standard - 2022 CCC","FOR_S60_EV_CCC","White","","laithCars","الليث لتجارة السيارات","9","1","10","10","2","3.33","30","3.33","1","2","3","medium","Stock is below max target."
"FOR","Forthing M5 Cargo Van EV 460 KM Exclusive - 2026 CCC","FOR_M5_EV_CCC","White","Freezone Warehouse","dania","دانية الضلال","16","1","10","1","0","0.33","30","0.33","0","2","3","low","Stock is within configured range."
"FOR","Forthing T5 EVO Gasoline Exclusive - 2025 CCC","FOR_T5_ICE_CCC","White","Freezone Warehouse","dania","دانية الضلال","16","1","10","4","2","1.33","30","1.33","0","2","3","low","Stock is within configured range."
"JAC","JAC E30X EV 405 KM Luxury PRO - 2026 EU","JAC_E30X_EV_EU","Black","","dania","دانية الضلال","11","1","10","9","7","3","30","3","0","2","3","low","Stock is within configured range."
"JAC","JAC E30X EV 405 KM Luxury PRO - 2026 EU","JAC_E30X_EV_EU","White","Freezone Warehouse","dania","دانية الضلال","18","1","10","0","0","0","30","0","0","2","3","low","Stock is within configured range."
"FOR","Forthing S7 REV Luxury - 2026 GCC","FOR_S7_REV_GCC","Black","Freezone Warehouse","dania","دانية الضلال","10","1","10","3","1","1","30","1","0","2","3","low","Stock is within configured range."
"FOR","Forthing S7 EV 550 KM Luxury - 2026 GCC","FOR_S7_EV_GCC","Black","Freezone Warehouse","dania","دانية الضلال","14","1","10","0","0","0","30","0","0","2","3","low","Stock is within configured range."
"FOR","Forthing T5 Friday EV 500 KM Standard - 2026 GCC","FOR_T5_EV_GCC","Dark Gray","","dania","دانية الضلال","10","1","10","2","2","0.67","30","0.67","0","2","3","low","Stock is within configured range."
"FOR","Forthing T5 Friday EV 500 KM Standard - 2026 GCC","FOR_T5_EV_GCC","Black","","dania","دانية الضلال","23","1","10","5","4","1.67","30","1.67","0","2","3","low","Stock is within configured range."
"JAC","JS3 1.6L CVT Luxury","JAC_JS3","White","","laith","الليث اللامع","27","1","10","0","0","0","30","0","0","2","3","low","Stock is within configured range."
"JAC","JS3 1.6L CVT Luxury","JAC_JS3","Gray","","laith","الليث اللامع","20","1","10","1","1","0.33","30","0.33","0","2","3","low","Stock is within configured range."
"JAC","JS3 1.6L CVT Luxury","JAC_JS3","Black","Warehouse - AL-Bassami - AL-Janadrih","laith","الليث اللامع","21","1","10","0","0","0","30","0","0","2","3","low","Stock is within configured range."
"ROX","ROX ADAMAS 6seat VIP","ROX_ADAMAS","Golden","","laith","الليث اللامع","14","1","10","11","6","3.67","30","3.67","0","2","3","low","Stock is within configured range."
"ROX","ROX ADAMAS 7seat","ROX_ADAMAS","Golden","","laith","الليث اللامع","11","1","10","5","1","1.67","30","1.67","0","2","3","low","Stock is within configured range."
"DFM","Dongfeng AX7 Gasoline - E1 2025 GCC","DFM_AX7_ICE_GCC","Black","Free Zone -Vehicles- Main","laithCars","الليث لتجارة السيارات","12","1","10","0","0","0","30","0","0","2","3","low","Stock is within configured range."
"DFM","Dongfeng Box EV 430 KM - E3 2026 EU","DFM_BOX_EV_EU","White","Free Zone -Vehicles- Main","laithCars","الليث لتجارة السيارات","128","1","10","1","1","0.33","30","0.33","0","2","3","low","Stock is within configured range."
"DFM","Dongfeng Box EV 430 KM - E3 2026 EU","DFM_BOX_EV_EU","Blue","Free Zone -Vehicles- Main","laithCars","الليث لتجارة السيارات","119","1","10","0","0","0","30","0","0","2","3","low","Stock is within configured range."
"DFM","Dongfeng Box EV 330 KM - E2 2025 EU","DFM_BOX_EV_EU","BLUE+WHITE","Brokers Free Zone","laithCars","الليث لتجارة السيارات","12","1","10","16","6","5.33","30","5.33","0","2","3","low","Stock is within configured range."
"DFM","Dongfeng Box EV 330 KM - E2 2025 EU","DFM_BOX_EV_EU","White","","laithCars","الليث لتجارة السيارات","39","1","10","23","14","7.67","30","7.67","0","2","3","low","Stock is within configured range."
"DFM","Dongfeng Box EV 430 KM - E3 2026 EU","DFM_BOX_EV_EU","SILVER","Free Zone -Vehicles- Main","laithCars","الليث لتجارة السيارات","136","1","10","1","0","0.33","30","0.33","0","2","3","low","Stock is within configured range."
"DFM","Dongfeng Box EV 430 KM - E3 2026 EU","DFM_BOX_EV_EU","Red and White","Free Zone -Vehicles- Main","laithCars","الليث لتجارة السيارات","32","1","10","2","2","0.67","30","0.67","0","2","3","low","Stock is within configured range."
"DFM","Dongfeng Box EV 430 KM - E3 2026 EU","DFM_BOX_EV_EU","PURPLE+WHITE","Free Zone -Vehicles- Main","laithCars","الليث لتجارة السيارات","48","1","10","1","1","0.33","30","0.33","0","2","3","low","Stock is within configured range."
"DFM","Dongfeng E-PI 007 REV - E1 2026 GCC","DFM_E-PI007_REV_GCC","GREY","","laithCars","الليث لتجارة السيارات","11","1","10","9","7","3","30","3","0","2","3","low","Stock is within configured range."
"DFM","Dongfeng MHERO II Plug-in Hybrid - E1+α 2026 GCC","DFM_M-Hero II_PHEV_GCC","BLACK","Free Zone -Vehicles- Inspection and Costing","laithCars","الليث لتجارة السيارات","12","1","10","4","2","1.33","30","1.33","0","2","3","low","Stock is within configured range."
"FOR","Forthing T5 Hybrid Exclusive - 2026 GCC","FOR_T5_HEV_GCC","BLACK","Free Zone -Vehicles- Inspection and Costing","laithCars","الليث لتجارة السيارات","11","1","10","0","0","0","30","0","0","2","3","low","Stock is within configured range."
"FOR","Forthing T5 Hybrid Exclusive - 2026 GCC","FOR_T5_HEV_GCC","Light Brown","Free Zone -Vehicles- Inspection and Costing","laithCars","الليث لتجارة السيارات","17","1","10","0","0","0","30","0","0","2","3","low","Stock is within configured range."